{"type":"FeatureCollection","features":[{"type":"Feature","id":1135866500,"properties":{"osmId":"way/1135866500","name":null,"building":"yes","levels":null,"wheelchair":null,"inAcademicArea":false,"entrances":0},"geometry":{"type":"Polygon","coordinates":[[[80.2264894,26.5062011],[80.2264612,26.5060544],[80.2264164,26.5060613],[80.2263976,26.5059639],[80.2266408,26.5059264],[80.2266448,26.5059471],[80.2267493,26.505931],[80.2267957,26.5061718],[80.2267559,26.5061779],[80.226698,26.5062478],[80.2266299,26.5062025],[80.2265298,26.5062179],[80.2265255,26.5061956],[80.2264894,26.5062011]]]}},{"type":"Feature","id":1137757106,"properties":{"osmId":"way/1137757106","name":null,"building":"university","levels":"4","wheelchair":null,"inAcademicArea":false,"entrances":0},"geometry":{"type":"Polygon","coordinates":[[[80.2297712,26.5046432],[80.2297716,26.5047638],[80.2298067,26.5048289],[80.2297013,26.5048836],[80.2296733,26.5048313],[80.2295958,26.5048653],[80.2297197,26.5050915],[80.2296728,26.5051121],[80.2295504,26.5048885],[80.2295052,26.5048975],[80.2294546,26.5048938],[80.2294102,26.5048644],[80.2293928,26.5048066],[80.229132,26.5048047],[80.2291323,26.5047646],[80.2290994,26.5047644],[80.2291003,26.5046638],[80.2291574,26.5046643],[80.2291576,26.5046424],[80.2297712,26.5046432]]]}},{"type":"Feature","id":343976514,"properties":{"osmId":"way/343976514","name":"Hall 8 Block H","building":"dormitory","levels":"4","wheelchair":null,"inAcademicArea":false,"entrances":0},"geometry":{"type":"Polygon","coordinates":[[[80.2281795,26.5046216],[80.2284366,26.5046244],[80.228437,26.5046009],[80.2284991,26.5046014],[80.2285072,26.5046016],[80.2285069,26.5046252],[80.2287616,26.504628],[80.2287627,26.5045466],[80.2285012,26.5045415],[80.2281806,26.5045403],[80.2281795,26.5046216]]]}},{"type":"Feature","id":343976515,"properties":{"osmId":"way/343976515","name":"Hall 8 Block E","building":"dormitory","levels":"4","wheelchair":null,"inAcademicArea":false,"entrances":0},"geometry":{"type":"Polygon","coordinates":[[[80.2275397,26.5046141],[80.2277968,26.5046169],[80.2277971,26.5045934],[80.2278108,26.5045932],[80.2278674,26.5045941],[80.2278671,26.5046177],[80.2281218,26.5046205],[80.2281229,26.5045391],[80.2278111,26.5045357],[80.2275408,26.5045327],[80.2275397,26.5046141]]]}},{"type":"Feature","id":343976519,"properties":{"osmId":"way/343976519","name":null,"building":"yes","levels":null,"wheelchair":null,"inAcademicArea":false,"entrances":0},"geometry":{"type":"Polygon","coordinates":[[[80.22848,26.5047801],[80.2284781,26.5050164],[80.2286425,26.5050175],[80.2286444,26.5047811],[80.22848,26.5047801]]]}},{"type":"Feature","id":343976520,"properties":{"osmId":"way/343976520","name":"Hall 8 Block A","building":"dormitory","levels":"4","wheelchair":null,"inAcademicArea":false,"entrances":0},"geometry":{"type":"Polygon","coordinates":[[[80.2274403,26.5059315],[80.2281062,26.5059428],[80.2281027,26.5058472],[80.2277684,26.5058433],[80.2274393,26.5058385],[80.2274403,26.5059315]]]}},{"type":"Feature","id":343976521,"properties":{"osmId":"way/343976521","name":"Hall 8 Block B","building":"dormitory","levels":"4","wheelchair":null,"inAcademicArea":false,"entrances":0},"geometry":{"type":"Polygon","coordinates":[[[80.2274346,26.5056783],[80.227768,26.5056811],[80.2281593,26.5056843],[80.2281603,26.5055927],[80.2277639,26.5055882],[80.2274355,26.5055867],[80.2274346,26.5056783]]]}},{"type":"Feature","id":343976522,"properties":{"osmId":"way/343976522","name":"Hall 8 Block C","building":"dormitory","levels":"4","wheelchair":null,"inAcademicArea":false,"entrances":0},"geometry":{"type":"Polygon","coordinates":[[[80.2274547,26.5054459],[80.2277657,26.5054514],[80.2281522,26.5054545],[80.2281532,26.5053629],[80.2277653,26.5053512],[80.2274617,26.5053482],[80.2274547,26.5054459]]]}},{"type":"Feature","id":343976523,"properties":{"osmId":"way/343976523","name":"Hall 8 Block D","building":"dormitory","levels":"4","wheelchair":null,"inAcademicArea":false,"entrances":0},"geometry":{"type":"Polygon","coordinates":[[[80.2274505,26.5051958],[80.227759,26.5051918],[80.2281224,26.5051964],[80.2281173,26.5050885],[80.2277567,26.5050876],[80.2274483,26.5050914],[80.2274505,26.5051958]]]}},{"type":"Feature","id":343976524,"properties":{"osmId":"way/343976524","name":"Hall 8 Mess","building":"yes","levels":null,"wheelchair":null,"inAcademicArea":false,"entrances":0},"geometry":{"type":"Polygon","coordinates":[[[80.2275293,26.5047562],[80.2280391,26.5047595],[80.2280374,26.5049757],[80.2275276,26.5049725],[80.2275293,26.5047562]]]}},{"type":"Feature","id":343976525,"properties":{"osmId":"way/343976525","name":"Hall 8 Block G","building":"dormitory","levels":"4","wheelchair":null,"inAcademicArea":false,"entrances":0},"geometry":{"type":"Polygon","coordinates":[[[80.2281999,26.5043649],[80.228457,26.5043677],[80.2284573,26.5043441],[80.2285097,26.5043447],[80.2285276,26.5043449],[80.2285272,26.5043685],[80.2287819,26.5043713],[80.228783,26.5042899],[80.228201,26.5042835],[80.2281999,26.5043649]]]}},{"type":"Feature","id":343976526,"properties":{"osmId":"way/343976526","name":"Hall 8 Block F","building":"dormitory","levels":"4","wheelchair":null,"inAcademicArea":false,"entrances":0},"geometry":{"type":"Polygon","coordinates":[[[80.2275372,26.5043574],[80.2277943,26.5043603],[80.2277946,26.5043367],[80.2278059,26.5043368],[80.2278649,26.5043375],[80.2278646,26.504361],[80.2281192,26.5043638],[80.2281203,26.5042825],[80.2275383,26.5042761],[80.2275372,26.5043574]]]}},{"type":"Feature","id":1102507063,"properties":{"osmId":"way/1102507063","name":"Hall 10 Mess","building":"yes","levels":null,"wheelchair":null,"inAcademicArea":false,"entrances":0},"geometry":{"type":"Polygon","coordinates":[[[80.2257645,26.5060272],[80.2262671,26.5059844],[80.2262416,26.5057588],[80.2257645,26.5057874],[80.2257645,26.5060272]]]}},{"type":"Feature","id":1102507064,"properties":{"osmId":"way/1102507064","name":"Hall 11 Mess","building":"yes","levels":null,"wheelchair":null,"inAcademicArea":false,"entrances":0},"geometry":{"type":"Polygon","coordinates":[[[80.2257676,26.5056322],[80.2262423,26.5056548],[80.2262625,26.5054333],[80.2257777,26.5053972],[80.2257676,26.5056322]]]}},{"type":"Feature","id":1135352253,"properties":{"osmId":"way/1135352253","name":"Hall 8 Block I","building":"dormitory","levels":"4","wheelchair":null,"inAcademicArea":false,"entrances":0},"geometry":{"type":"Polygon","coordinates":[[[80.2282462,26.5059515],[80.2288346,26.5059494],[80.2288342,26.5058476],[80.2282458,26.5058495],[80.2282462,26.5059515]]]}},{"type":"Feature","id":1135360257,"properties":{"osmId":"way/1135360257","name":null,"building":"yes","levels":null,"wheelchair":null,"inAcademicArea":false,"entrances":0},"geometry":{"type":"Polygon","coordinates":[[[80.2288814,26.5040557],[80.2289958,26.5040557],[80.2289958,26.5039646],[80.2288814,26.5039646],[80.2288814,26.5040557]]]}},{"type":"Feature","id":1135360259,"properties":{"osmId":"way/1135360259","name":"Hall 11 Laundry Room","building":"yes","levels":null,"wheelchair":null,"inAcademicArea":false,"entrances":0},"geometry":{"type":"Polygon","coordinates":[[[80.2262064,26.5052805],[80.2262826,26.5052958],[80.2262959,26.5052428],[80.2262198,26.5052274],[80.2262064,26.5052805]]]}},{"type":"Feature","id":1142120961,"properties":{"osmId":"way/1142120961","name":"Hall 11 Block A","building":"dormitory","levels":"4","wheelchair":null,"inAcademicArea":false,"entrances":0},"geometry":{"type":"Polygon","coordinates":[[[80.2265918,26.5050402],[80.2269081,26.5050424],[80.2269073,26.5051335],[80.2269762,26.505134],[80.2269767,26.5050724],[80.2270276,26.5050727],[80.227027,26.5051458],[80.2271028,26.5051463],[80.2271035,26.5050744],[80.2271322,26.5050746],[80.2271335,26.5049455],[80.2269747,26.5049444],[80.2269762,26.5047804],[80.2271271,26.5047816],[80.2271282,26.5046696],[80.2270959,26.5046694],[80.2270967,26.5045877],[80.2270343,26.5045872],[80.2270336,26.5046643],[80.2269805,26.5046639],[80.226981,26.5046147],[80.2268947,26.5046141],[80.226894,26.5046925],[80.2266387,26.5046863],[80.2265993,26.5046879],[80.2265995,26.5047856],[80.2268596,26.5047874],[80.2268582,26.5049483],[80.2265926,26.5049465],[80.2265918,26.5050402]]]}},{"type":"Feature","id":1142120962,"properties":{"osmId":"way/1142120962","name":"Hall 11 Block C","building":"dormitory","levels":"4","wheelchair":null,"inAcademicArea":false,"entrances":0},"geometry":{"type":"Polygon","coordinates":[[[80.2263043,26.504686],[80.2262562,26.5046863],[80.22599,26.5046813],[80.2259907,26.5045902],[80.2259218,26.5045898],[80.2259213,26.5046514],[80.2258704,26.5046511],[80.225871,26.504578],[80.2257952,26.5045775],[80.2257946,26.5046495],[80.2257658,26.5046493],[80.2257647,26.5047783],[80.2259235,26.5047794],[80.2259221,26.5049433],[80.2257713,26.5049423],[80.2257703,26.5050542],[80.2258026,26.5050545],[80.2258019,26.5051362],[80.2258643,26.5051366],[80.2258649,26.5050595],[80.225918,26.5050598],[80.2259176,26.5051091],[80.2260039,26.5051096],[80.2260045,26.5050312],[80.2262982,26.505033],[80.2262989,26.5049378],[80.2260387,26.5049363],[80.2260399,26.5047753],[80.2263056,26.5047769],[80.2263043,26.504686]]]}},{"type":"Feature","id":1142120963,"properties":{"osmId":"way/1142120963","name":"Hall 11 Block B","building":"dormitory","levels":"4","wheelchair":null,"inAcademicArea":false,"entrances":0},"geometry":{"type":"Polygon","coordinates":[[[80.2266387,26.5046863],[80.2266465,26.5044501],[80.2267483,26.5044507],[80.2267487,26.504389],[80.2266799,26.5043886],[80.2266803,26.5043431],[80.2267619,26.5043436],[80.2267624,26.5042757],[80.2266821,26.5042752],[80.2266823,26.5042495],[80.226538,26.5042485],[80.2265369,26.5043906],[80.2263537,26.5043894],[80.2263548,26.5042543],[80.2262297,26.5042535],[80.2262295,26.5042824],[80.2261382,26.5042818],[80.2261377,26.5043376],[80.2262238,26.5043381],[80.2262235,26.5043856],[80.2261685,26.5043853],[80.2261679,26.5044625],[80.2262555,26.5044631],[80.2262562,26.5046863],[80.2263043,26.504686],[80.2263586,26.5046843],[80.2263616,26.5044937],[80.2265414,26.5044948],[80.2265402,26.504688],[80.2265993,26.5046879],[80.2266387,26.5046863]]]}},{"type":"Feature","id":1164875508,"properties":{"osmId":"way/1164875508","name":null,"building":"yes","levels":null,"wheelchair":null,"inAcademicArea":false,"entrances":0},"geometry":{"type":"Polygon","coordinates":[[[80.2267694,26.5055145],[80.2268218,26.5051739],[80.2266052,26.5051472],[80.2265947,26.5052155],[80.2264927,26.5052029],[80.2264614,26.5054057],[80.2264078,26.505399],[80.2263982,26.5054608],[80.226469,26.5055283],[80.2265514,26.5054876],[80.2267694,26.5055145]]]}},{"type":"Feature","id":1495660257,"properties":{"osmId":"way/1495660257","name":null,"building":"yes","levels":null,"wheelchair":null,"inAcademicArea":false,"entrances":0},"geometry":{"type":"Polygon","coordinates":[[[80.225872,26.5052797],[80.2257811,26.505282],[80.225771,26.5051891],[80.2258779,26.5051926],[80.225872,26.5052797]]]}},{"type":"Feature","id":682700069,"properties":{"osmId":"way/682700069","name":null,"building":"yes","levels":null,"wheelchair":null,"inAcademicArea":false,"entrances":0},"geometry":{"type":"Polygon","coordinates":[[[80.2331014,26.4989534],[80.233099,26.4989759],[80.2331051,26.4989973],[80.2331191,26.4990155],[80.2331392,26.4990284],[80.2331634,26.4990345],[80.2331947,26.4990308],[80.2332163,26.4990192],[80.233232,26.4990021],[80.2332401,26.4989812],[80.2332398,26.4989586],[80.2332261,26.4989317],[80.2332072,26.4989167],[80.2331842,26.4989086],[80.2331595,26.498908],[80.2331361,26.498915],[80.2331163,26.498929],[80.2331014,26.4989534]]]}},{"type":"Feature","id":750615062,"properties":{"osmId":"way/750615062","name":null,"building":"yes","levels":null,"wheelchair":null,"inAcademicArea":false,"entrances":0},"geometry":{"type":"Polygon","coordinates":[[[80.2372666,26.4983658],[80.2374866,26.4983183],[80.2375473,26.4985627],[80.2373709,26.498595],[80.2372666,26.4983658]]]}},{"type":"Feature","id":770330116,"properties":{"osmId":"way/770330116","name":null,"building":"yes","levels":null,"wheelchair":null,"inAcademicArea":false,"entrances":0},"geometry":{"type":"Polygon","coordinates":[[[80.237989,26.4986255],[80.2384008,26.4985243],[80.2382989,26.4981919],[80.2378871,26.498293],[80.237989,26.4986255]]]}},{"type":"Feature","id":802503405,"properties":{"osmId":"way/802503405","name":null,"building":"yes","levels":null,"wheelchair":null,"inAcademicArea":false,"entrances":0},"geometry":{"type":"Polygon","coordinates":[[[80.2403828,26.4979605],[80.2405199,26.4982109],[80.2406513,26.4981533],[80.2405143,26.4979029],[80.2403828,26.4979605]]]}},{"type":"Feature","id":682695152,"properties":{"osmId":"way/682695152","name":null,"building":"residential","levels":null,"wheelchair":null,"inAcademicArea":false,"entrances":0},"geometry":{"type":"Polygon","coordinates":[[[80.2368078,26.5063627],[80.2368153,26.5059454],[80.2373743,26.5059535],[80.2373668,26.5063707],[80.2368078,26.5063627]]]}},{"type":"Feature","id":682695186,"properties":{"osmId":"way/682695186","name":"Snehan Child Care Centre","building":"yes","levels":null,"wheelchair":null,"inAcademicArea":false,"entrances":0},"geometry":{"type":"Polygon","coordinates":[[[80.235674,26.5052842],[80.2356766,26.5051813],[80.2357706,26.5051832],[80.2357681,26.5052861],[80.235674,26.5052842]]]}},{"type":"Feature","id":682695195,"properties":{"osmId":"way/682695195","name":null,"building":"house","levels":null,"wheelchair":null,"inAcademicArea":false,"entrances":0},"geometry":{"type":"Polygon","coordinates":[[[80.2356603,26.5055687],[80.2356631,26.505456],[80.235768,26.505458],[80.2357652,26.5055707],[80.2356603,26.5055687]]]}},{"type":"Feature","id":682695218,"properties":{"osmId":"way/682695218","name":"Counselling Service","building":"yes","levels":null,"wheelchair":null,"inAcademicArea":false,"entrances":0},"geometry":{"type":"Polygon","coordinates":[[[80.2356507,26.506097],[80.2356536,26.5059831],[80.2357599,26.5059852],[80.2357571,26.5060991],[80.2356507,26.506097]]]}},{"type":"Feature","id":682695222,"properties":{"osmId":"way/682695222","name":null,"building":"house","levels":null,"wheelchair":null,"inAcademicArea":false,"entrances":0},"geometry":{"type":"Polygon","coordinates":[[[80.2356599,26.5058177],[80.2356627,26.5057056],[80.2357671,26.5057077],[80.2357643,26.5058198],[80.2356599,26.5058177]]]}},{"type":"Feature","id":682695227,"properties":{"osmId":"way/682695227","name":null,"building":"house","levels":null,"wheelchair":null,"inAcademicArea":false,"entrances":0},"geometry":{"type":"Polygon","coordinates":[[[80.2360967,26.5060982],[80.2360995,26.5059853],[80.2362048,26.5059873],[80.236202,26.5061003],[80.2360967,26.5060982]]]}},{"type":"Feature","id":1060910075,"properties":{"osmId":"way/1060910075","name":null,"building":"school","levels":null,"wheelchair":null,"inAcademicArea":false,"entrances":0},"geometry":{"type":"Polygon","coordinates":[[[80.2344589,26.5061614],[80.2350006,26.5061634],[80.2350031,26.5056314],[80.2346689,26.5056301],[80.2346683,26.5057532],[80.2345758,26.5057528],[80.2345744,26.5060526],[80.2344594,26.5060522],[80.2344589,26.5061614]]]}},{"type":"Feature","id":1160852759,"properties":{"osmId":"way/1160852759","name":null,"building":"residential","levels":"1","wheelchair":null,"inAcademicArea":false,"entrances":1},"geometry":{"type":"Polygon","coordinates":[[[80.2357609,26.5049923],[80.2356286,26.5049932],[80.2356263,26.5047145],[80.2357586,26.5047136],[80.2357598,26.5048578],[80.2357609,26.5049923]]]}},{"type":"Feature","id":1160852765,"properties":{"osmId":"way/1160852765","name":null,"building":"residential","levels":"1","wheelchair":null,"inAcademicArea":false,"entrances":1},"geometry":{"type":"Polygon","coordinates":[[[80.2357758,26.5045712],[80.2356435,26.5045721],[80.2356412,26.5042935],[80.2357735,26.5042926],[80.2357747,26.5044368],[80.2357758,26.5045712]]]}},{"type":"Feature","id":1160852769,"properties":{"osmId":"way/1160852769","name":null,"building":"residential","levels":"1","wheelchair":null,"inAcademicArea":false,"entrances":1},"geometry":{"type":"Polygon","coordinates":[[[80.2357687,26.5041468],[80.2356364,26.5041477],[80.235634,26.5038691],[80.2357663,26.5038682],[80.2357675,26.5040123],[80.2357687,26.5041468]]]}},{"type":"Feature","id":1495660242,"properties":{"osmId":"way/1495660242","name":null,"building":"yes","levels":null,"wheelchair":null,"inAcademicArea":false,"entrances":0},"geometry":{"type":"Polygon","coordinates":[[[80.2357921,26.5034108],[80.2357214,26.5033469],[80.2355764,26.5034769],[80.2356413,26.5035302],[80.2357921,26.5034108]]]}},{"type":"Feature","id":1495660243,"properties":{"osmId":"way/1495660243","name":null,"building":"yes","levels":null,"wheelchair":null,"inAcademicArea":false,"entrances":0},"geometry":{"type":"Polygon","coordinates":[[[80.2359693,26.5032449],[80.2357864,26.5029996],[80.235599,26.5031399],[80.23581,26.5033692],[80.2359693,26.5032449]]]}},{"type":"Feature","id":295571716,"properties":{"osmId":"way/295571716","name":"33 K.V.A. Substation","building":"yes","levels":null,"wheelchair":null,"inAcademicArea":false,"entrances":0},"geometry":{"type":"Polygon","coordinates":[[[80.2352677,26.5038798],[80.2352889,26.5036088],[80.2355556,26.5036255],[80.2355236,26.5040331],[80.2353025,26.5040192],[80.2353132,26.5038826],[80.2352677,26.5038798]]]}},{"type":"Feature","id":376451963,"properties":{"osmId":"way/376451963","name":null,"building":"yes","levels":"0","wheelchair":null,"inAcademicArea":false,"entrances":0},"geometry":{"type":"Polygon","coordinates":[[[80.2310625,26.5054921],[80.2313535,26.5054968],[80.2313527,26.5055387],[80.2314206,26.5055398],[80.2314242,26.5053596],[80.2313628,26.5053586],[80.2313621,26.505393],[80.2312871,26.5053918],[80.2312877,26.5053616],[80.2310652,26.505358],[80.2310625,26.5054921]]]}},{"type":"Feature","id":376451964,"properties":{"osmId":"way/376451964","name":null,"building":"yes","levels":null,"wheelchair":null,"inAcademicArea":false,"entrances":0},"geometry":{"type":"Polygon","coordinates":[[[80.231711,26.50556],[80.2323629,26.5051093],[80.2323488,26.5050653],[80.2315959,26.5050496],[80.2315831,26.5051316],[80.2315784,26.5052394],[80.2315912,26.5053298],[80.2316174,26.5054106],[80.2316484,26.5054787],[80.231678,26.5055197],[80.231711,26.50556]]]}},{"type":"Feature","id":376451967,"properties":{"osmId":"way/376451967","name":"Faculty Apartment (C-Block)","building":"residential","levels":"7","wheelchair":null,"inAcademicArea":false,"entrances":0},"geometry":{"type":"Polygon","coordinates":[[[80.2328424,26.5033943],[80.2328407,26.5035156],[80.2331795,26.5035193],[80.2331812,26.5033969],[80.2333129,26.503273],[80.2332162,26.5031907],[80.2331922,26.5032133],[80.2331717,26.5031958],[80.2331224,26.5032422],[80.2330734,26.5032641],[80.2329387,26.5032615],[80.2329027,26.503231],[80.2328536,26.5031845],[80.2328232,26.5032103],[80.2327987,26.503187],[80.2327061,26.5032653],[80.2328424,26.5033943]]]}},{"type":"Feature","id":376451968,"properties":{"osmId":"way/376451968","name":"Faculty Apartment (D-Block)","building":"residential","levels":"7","wheelchair":null,"inAcademicArea":false,"entrances":0},"geometry":{"type":"Polygon","coordinates":[[[80.2331852,26.502876],[80.2331901,26.5027541],[80.2328431,26.5027533],[80.2328432,26.5028694],[80.2327133,26.5029851],[80.2328084,26.5030756],[80.2328324,26.503053],[80.232853,26.5030704],[80.2329022,26.503024],[80.2328862,26.5030104],[80.2329489,26.5029513],[80.2330798,26.502951],[80.2331466,26.503014],[80.2331219,26.503035],[80.233171,26.5030814],[80.2332014,26.5030556],[80.233226,26.5030788],[80.2333162,26.5030047],[80.2331852,26.502876]]]}},{"type":"Feature","id":376451969,"properties":{"osmId":"way/376451969","name":"Faculty Apartment (A-Block)","building":"residential","levels":"7","wheelchair":null,"inAcademicArea":false,"entrances":0},"geometry":{"type":"Polygon","coordinates":[[[80.2320038,26.5042047],[80.2320021,26.504326],[80.2323409,26.5043297],[80.2323426,26.5042074],[80.2324743,26.5040834],[80.2323777,26.5040012],[80.2323537,26.5040238],[80.2323331,26.5040063],[80.2322838,26.5040526],[80.2322998,26.5040662],[80.232237,26.5041253],[80.2321061,26.5041255],[80.2320394,26.5040624],[80.2320642,26.5040414],[80.2320151,26.503995],[80.2319847,26.5040207],[80.2319601,26.5039974],[80.2318675,26.5040757],[80.2320038,26.5042047]]]}},{"type":"Feature","id":376451970,"properties":{"osmId":"way/376451970","name":"Faculty Apartment (B-block)","building":"residential","levels":"7","wheelchair":null,"inAcademicArea":false,"entrances":0},"geometry":{"type":"Polygon","coordinates":[[[80.2323425,26.5036902],[80.2323439,26.503569],[80.2320051,26.5035657],[80.2320036,26.503688],[80.2318721,26.5038121],[80.2319689,26.5038942],[80.2319928,26.5038716],[80.2320134,26.5038891],[80.2320626,26.5038426],[80.2320466,26.5038291],[80.2321093,26.5037699],[80.2322403,26.5037696],[80.232307,26.5038326],[80.2322823,26.5038536],[80.2323315,26.5039],[80.2323618,26.5038743],[80.2323864,26.5038975],[80.2324789,26.5038191],[80.2323425,26.5036902]]]}},{"type":"Feature","id":376451973,"properties":{"osmId":"way/376451973","name":null,"building":"residential","levels":"6","wheelchair":null,"inAcademicArea":false,"entrances":0},"geometry":{"type":"Polygon","coordinates":[[[80.2333774,26.5040451],[80.2333767,26.5042185],[80.2335805,26.5042192],[80.2335812,26.5040458],[80.2333774,26.5040451]]]}},{"type":"Feature","id":376451974,"properties":{"osmId":"way/376451974","name":null,"building":"residential","levels":"6","wheelchair":null,"inAcademicArea":false,"entrances":0},"geometry":{"type":"Polygon","coordinates":[[[80.2330949,26.5040187],[80.2330942,26.5041921],[80.233298,26.5041928],[80.2332987,26.5040194],[80.2330949,26.5040187]]]}},{"type":"Feature","id":376451976,"properties":{"osmId":"way/376451976","name":null,"building":"residential","levels":"2","wheelchair":null,"inAcademicArea":false,"entrances":0},"geometry":{"type":"Polygon","coordinates":[[[80.2328413,26.5042661],[80.2328406,26.5044395],[80.2330444,26.5044402],[80.2330451,26.5042668],[80.2328413,26.5042661]]]}},{"type":"Feature","id":376451979,"properties":{"osmId":"way/376451979","name":null,"building":"residential","levels":"6","wheelchair":null,"inAcademicArea":false,"entrances":0},"geometry":{"type":"Polygon","coordinates":[[[80.2328222,26.5040146],[80.2328215,26.5041881],[80.2330253,26.5041887],[80.233026,26.5040153],[80.2328222,26.5040146]]]}},{"type":"Feature","id":376451980,"properties":{"osmId":"way/376451980","name":null,"building":"residential","levels":"2","wheelchair":null,"inAcademicArea":false,"entrances":0},"geometry":{"type":"Polygon","coordinates":[[[80.2331054,26.504267],[80.2331047,26.5044404],[80.2333085,26.5044411],[80.2333092,26.5042676],[80.2331054,26.504267]]]}},{"type":"Feature","id":376451986,"properties":{"osmId":"way/376451986","name":"Indoor Sports Complex","building":"yes","levels":null,"wheelchair":null,"inAcademicArea":false,"entrances":0},"geometry":{"type":"Polygon","coordinates":[[[80.2303182,26.5047393],[80.2302908,26.5047394],[80.2302907,26.5046875],[80.2303189,26.5046875],[80.2303191,26.5046651],[80.230674,26.5046685],[80.2306681,26.5051558],[80.2303132,26.5051523],[80.230314,26.5050838],[80.2302625,26.5051086],[80.230276,26.5051311],[80.230133,26.5052001],[80.2300467,26.5050568],[80.2300831,26.5050392],[80.2300315,26.5049536],[80.2299872,26.5049749],[80.2298706,26.5047812],[80.2300814,26.5046795],[80.2301119,26.5047302],[80.2302289,26.5046738],[80.2303172,26.5048206],[80.2303182,26.5047393]]]}},{"type":"Feature","id":1107954196,"properties":{"osmId":"way/1107954196","name":"New Shopping Center","building":"retail","levels":null,"wheelchair":null,"inAcademicArea":false,"entrances":0},"geometry":{"type":"Polygon","coordinates":[[[80.231113,26.5044055],[80.2311133,26.504449],[80.2312362,26.5044483],[80.2312357,26.5043745],[80.2314733,26.5043731],[80.2314735,26.5044017],[80.231522,26.5044015],[80.2315206,26.5042028],[80.2314313,26.5042033],[80.2314318,26.5042643],[80.231037,26.5042665],[80.231038,26.5044059],[80.231113,26.5044055]]]}},{"type":"Feature","id":1135340980,"properties":{"osmId":"way/1135340980","name":null,"building":"dormitory","levels":null,"wheelchair":null,"inAcademicArea":false,"entrances":2},"geometry":{"type":"Polygon","coordinates":[[[80.2335037,26.5060164],[80.2342018,26.5060216],[80.234204,26.5057776],[80.2341517,26.5057773],[80.2341527,26.5056646],[80.2342528,26.5056654],[80.2342537,26.5055775],[80.2343514,26.5055782],[80.2343566,26.5050367],[80.2349456,26.5050411],[80.2349484,26.5047403],[80.2345585,26.5047374],[80.2340719,26.5047338],[80.2340624,26.5057449],[80.2335063,26.5057407],[80.2335037,26.5060164]]]}},{"type":"Feature","id":1136942413,"properties":{"osmId":"way/1136942413","name":"Old RA Hostel","building":"dormitory","levels":null,"wheelchair":null,"inAcademicArea":false,"entrances":0},"geometry":{"type":"Polygon","coordinates":[[[80.2330172,26.5052616],[80.2330113,26.5054951],[80.2329481,26.5054939],[80.2329489,26.5054604],[80.2328706,26.5054588],[80.2328721,26.5053967],[80.2328124,26.5053955],[80.232805,26.5056927],[80.2328793,26.5056942],[80.2328812,26.5056171],[80.2329432,26.5056184],[80.2329441,26.5055844],[80.2330225,26.5055859],[80.2330164,26.5058301],[80.2326841,26.5058235],[80.2326594,26.5057741],[80.2326604,26.5056023],[80.2326136,26.5056021],[80.2326143,26.5054936],[80.2326674,26.5054939],[80.2326686,26.5052822],[80.2327344,26.5052559],[80.2330172,26.5052616]]]}},{"type":"Feature","id":1137181479,"properties":{"osmId":"way/1137181479","name":"Smart Grid Control Centre","building":"university","levels":null,"wheelchair":null,"inAcademicArea":false,"entrances":0},"geometry":{"type":"Polygon","coordinates":[[[80.2351133,26.5041258],[80.2351109,26.5039792],[80.2352285,26.5039777],[80.2352309,26.5041242],[80.2351133,26.5041258]]]}},{"type":"Feature","id":1137189322,"properties":{"osmId":"way/1137189322","name":null,"building":"residential","levels":"1","wheelchair":null,"inAcademicArea":false,"entrances":0},"geometry":{"type":"Polygon","coordinates":[[[80.2346308,26.5044998],[80.2346302,26.5044379],[80.234589,26.5044382],[80.2345876,26.504308],[80.234624,26.5043077],[80.2346233,26.5042439],[80.2347004,26.5042433],[80.2347012,26.504312],[80.2346696,26.5043123],[80.2346709,26.5044328],[80.2347051,26.5044325],[80.2347058,26.5044991],[80.2346308,26.5044998]]]}},{"type":"Feature","id":1137189323,"properties":{"osmId":"way/1137189323","name":null,"building":"residential","levels":"1","wheelchair":null,"inAcademicArea":false,"entrances":0},"geometry":{"type":"Polygon","coordinates":[[[80.2344817,26.5044989],[80.234481,26.504437],[80.2344399,26.5044373],[80.2344385,26.5043071],[80.2344749,26.5043068],[80.2344742,26.504243],[80.2345513,26.5042424],[80.234552,26.5043111],[80.2345205,26.5043114],[80.2345218,26.5044319],[80.234556,26.5044316],[80.2345567,26.5044983],[80.2344817,26.5044989]]]}},{"type":"Feature","id":1137189324,"properties":{"osmId":"way/1137189324","name":null,"building":"residential","levels":"1","wheelchair":null,"inAcademicArea":false,"entrances":0},"geometry":{"type":"Polygon","coordinates":[[[80.234263,26.5045007],[80.2342623,26.5044387],[80.2342212,26.5044391],[80.2342198,26.5043089],[80.2342562,26.5043086],[80.2342555,26.5042448],[80.2343326,26.5042442],[80.2343334,26.5043129],[80.2343018,26.5043132],[80.2343031,26.5044337],[80.2343373,26.5044334],[80.234338,26.5045],[80.234263,26.5045007]]]}},{"type":"Feature","id":1137189325,"properties":{"osmId":"way/1137189325","name":null,"building":"residential","levels":"1","wheelchair":null,"inAcademicArea":false,"entrances":0},"geometry":{"type":"Polygon","coordinates":[[[80.2341159,26.5044971],[80.2341152,26.5044352],[80.2340741,26.5044355],[80.2340727,26.5043053],[80.2341091,26.504305],[80.2341084,26.5042413],[80.2341855,26.5042406],[80.2341862,26.5043094],[80.2341547,26.5043096],[80.234156,26.5044301],[80.2341901,26.5044298],[80.2341909,26.5044965],[80.2341159,26.5044971]]]}},{"type":"Feature","id":1137189326,"properties":{"osmId":"way/1137189326","name":null,"building":"residential","levels":"1","wheelchair":null,"inAcademicArea":false,"entrances":0},"geometry":{"type":"Polygon","coordinates":[[[80.2346288,26.5042062],[80.2346282,26.5041443],[80.2345871,26.5041446],[80.2345856,26.5040144],[80.234622,26.5040141],[80.2346214,26.5039504],[80.2346984,26.5039497],[80.2346992,26.5040185],[80.2346676,26.5040187],[80.2346689,26.5041392],[80.2347031,26.5041389],[80.2347038,26.5042056],[80.2346288,26.5042062]]]}},{"type":"Feature","id":1137189327,"properties":{"osmId":"way/1137189327","name":null,"building":"residential","levels":"1","wheelchair":null,"inAcademicArea":false,"entrances":0},"geometry":{"type":"Polygon","coordinates":[[[80.2344817,26.5042053],[80.234481,26.5041434],[80.2344399,26.5041438],[80.2344385,26.5040135],[80.2344749,26.5040132],[80.2344742,26.5039495],[80.2345513,26.5039488],[80.234552,26.5040176],[80.2345205,26.5040178],[80.2345218,26.5041383],[80.234556,26.504138],[80.2345567,26.5042047],[80.2344817,26.5042053]]]}},{"type":"Feature","id":1137189328,"properties":{"osmId":"way/1137189328","name":null,"building":"residential","levels":"1","wheelchair":null,"inAcademicArea":false,"entrances":0},"geometry":{"type":"Polygon","coordinates":[[[80.2351577,26.5044331],[80.235157,26.5043711],[80.2351159,26.5043715],[80.2351145,26.5042413],[80.2351509,26.504241],[80.2351502,26.5041772],[80.2352273,26.5041765],[80.235228,26.5042453],[80.2351965,26.5042456],[80.2351978,26.5043661],[80.2352319,26.5043658],[80.2352327,26.5044324],[80.2351577,26.5044331]]]}},{"type":"Feature","id":1137189329,"properties":{"osmId":"way/1137189329","name":null,"building":"residential","levels":"1","wheelchair":null,"inAcademicArea":false,"entrances":0},"geometry":{"type":"Polygon","coordinates":[[[80.2350116,26.5044349],[80.2350109,26.5043729],[80.2349698,26.5043733],[80.2349684,26.504243],[80.2350047,26.5042427],[80.2350041,26.504179],[80.2350812,26.5041783],[80.2350819,26.5042471],[80.2350503,26.5042474],[80.2350516,26.5043678],[80.2350858,26.5043675],[80.2350865,26.5044342],[80.2350116,26.5044349]]]}},{"type":"Feature","id":1137189330,"properties":{"osmId":"way/1137189330","name":null,"building":"residential","levels":"1","wheelchair":null,"inAcademicArea":false,"entrances":0},"geometry":{"type":"Polygon","coordinates":[[[80.2350096,26.5039483],[80.2350089,26.5038863],[80.2349678,26.5038867],[80.2349664,26.5037564],[80.2350028,26.5037561],[80.2350021,26.5036924],[80.2350792,26.5036917],[80.2350799,26.5037605],[80.2350484,26.5037607],[80.2350497,26.5038812],[80.2350838,26.5038809],[80.2350845,26.5039476],[80.2350096,26.5039483]]]}},{"type":"Feature","id":1137189331,"properties":{"osmId":"way/1137189331","name":null,"building":"residential","levels":"1","wheelchair":null,"inAcademicArea":false,"entrances":0},"geometry":{"type":"Polygon","coordinates":[[[80.2351557,26.5039474],[80.235155,26.5038854],[80.2351139,26.5038858],[80.2351125,26.5037555],[80.2351489,26.5037552],[80.2351482,26.5036915],[80.2352253,26.5036908],[80.235226,26.5037596],[80.2351945,26.5037599],[80.2351958,26.5038803],[80.2352299,26.50388],[80.2352307,26.5039467],[80.2351557,26.5039474]]]}},{"type":"Feature","id":1137756288,"properties":{"osmId":"way/1137756288","name":null,"building":"yes","levels":null,"wheelchair":null,"inAcademicArea":false,"entrances":0},"geometry":{"type":"Polygon","coordinates":[[[80.2337521,26.5035481],[80.2337573,26.5037199],[80.2335068,26.503726],[80.2335025,26.5035829],[80.2335627,26.5035815],[80.2335618,26.5035527],[80.2337521,26.5035481]]]}},{"type":"Feature","id":1256623109,"properties":{"osmId":"way/1256623109","name":"Health Centre","building":"hospital","levels":null,"wheelchair":"yes","inAcademicArea":false,"entrances":0},"geometry":{"type":"Polygon","coordinates":[[[80.2336796,26.5053274],[80.2335919,26.5053404],[80.2335188,26.5050985],[80.2335482,26.5049717],[80.2336796,26.5052031],[80.2337161,26.5054647],[80.2337892,26.5050985],[80.2339015,26.5054318],[80.2335481,26.5054974],[80.2336796,26.5053274]]]}},{"type":"Feature","id":1494405421,"properties":{"osmId":"way/1494405421","name":null,"building":"yes","levels":null,"wheelchair":null,"inAcademicArea":false,"entrances":0},"geometry":{"type":"Polygon","coordinates":[[[80.2305165,26.5038417],[80.2305165,26.5034063],[80.2307446,26.5034287],[80.2307267,26.5038385],[80.2305165,26.5038417]]]}},{"type":"Feature","id":1495660253,"properties":{"osmId":"way/1495660253","name":null,"building":"yes","levels":null,"wheelchair":null,"inAcademicArea":false,"entrances":0},"geometry":{"type":"Polygon","coordinates":[[[80.2353992,26.5029773],[80.2353051,26.5030327],[80.2352481,26.5029704],[80.2353432,26.5029162],[80.2353992,26.5029773]]]}},{"type":"Feature","id":1495660254,"properties":{"osmId":"way/1495660254","name":null,"building":"yes","levels":null,"wheelchair":null,"inAcademicArea":false,"entrances":0},"geometry":{"type":"Polygon","coordinates":[[[80.2352522,26.5030746],[80.2351159,26.5029059],[80.2350108,26.5029579],[80.2351527,26.5031387],[80.2352522,26.5030746]]]}},{"type":"Feature","id":1495660255,"properties":{"osmId":"way/1495660255","name":null,"building":"yes","levels":null,"wheelchair":null,"inAcademicArea":false,"entrances":0},"geometry":{"type":"Polygon","coordinates":[[[80.235099,26.5028385],[80.2349898,26.5027416],[80.2349248,26.5027966],[80.2349987,26.5028669],[80.2350261,26.5028394],[80.2350619,26.5028689],[80.235099,26.5028385]]]}},{"type":"Feature","id":1495660256,"properties":{"osmId":"way/1495660256","name":null,"building":"yes","levels":null,"wheelchair":null,"inAcademicArea":false,"entrances":0},"geometry":{"type":"Polygon","coordinates":[[[80.2349645,26.5026951],[80.2348717,26.5027494],[80.2347745,26.5026359],[80.234866,26.5025791],[80.2349645,26.5026951]]]}},{"type":"Feature","id":295570664,"properties":{"osmId":"way/295570664","name":null,"building":"residential","levels":"1","wheelchair":null,"inAcademicArea":false,"entrances":1},"geometry":{"type":"Polygon","coordinates":[[[80.2366769,26.5049957],[80.2365446,26.5049966],[80.2365422,26.504718],[80.2366746,26.5047171],[80.2366758,26.5048613],[80.2366769,26.5049957]]]}},{"type":"Feature","id":295570665,"properties":{"osmId":"way/295570665","name":null,"building":"residential","levels":"1","wheelchair":null,"inAcademicArea":false,"entrances":1},"geometry":{"type":"Polygon","coordinates":[[[80.2366952,26.5049949],[80.2366958,26.5048614],[80.2366964,26.504718],[80.2368194,26.5047184],[80.2368182,26.5049954],[80.2366952,26.5049949]]]}},{"type":"Feature","id":682695124,"properties":{"osmId":"way/682695124","name":null,"building":"yes","levels":null,"wheelchair":null,"inAcademicArea":false,"entrances":0},"geometry":{"type":"Polygon","coordinates":[[[80.2371401,26.5053211],[80.2371431,26.5051987],[80.2372589,26.505201],[80.2372559,26.5053233],[80.2371401,26.5053211]]]}},{"type":"Feature","id":682695130,"properties":{"osmId":"way/682695130","name":null,"building":"house","levels":null,"wheelchair":null,"inAcademicArea":false,"entrances":0},"geometry":{"type":"Polygon","coordinates":[[[80.2360963,26.5058101],[80.236099,26.5057019],[80.236199,26.5057039],[80.2361963,26.5058121],[80.2360963,26.5058101]]]}},{"type":"Feature","id":682695166,"properties":{"osmId":"way/682695166","name":null,"building":"residential","levels":null,"wheelchair":null,"inAcademicArea":false,"entrances":0},"geometry":{"type":"Polygon","coordinates":[[[80.2368153,26.5059066],[80.2368244,26.5054293],[80.2373736,26.5054376],[80.2373646,26.505915],[80.2368153,26.5059066]]]}},{"type":"Feature","id":682695213,"properties":{"osmId":"way/682695213","name":null,"building":"house","levels":null,"wheelchair":null,"inAcademicArea":false,"entrances":0},"geometry":{"type":"Polygon","coordinates":[[[80.2360996,26.5055736],[80.2361024,26.5054585],[80.2362102,26.5054606],[80.2362073,26.5055758],[80.2360996,26.5055736]]]}},{"type":"Feature","id":682695232,"properties":{"osmId":"way/682695232","name":null,"building":"house","levels":null,"wheelchair":null,"inAcademicArea":false,"entrances":0},"geometry":{"type":"Polygon","coordinates":[[[80.2360963,26.505293],[80.2360992,26.5051769],[80.2362081,26.505179],[80.2362052,26.5052952],[80.2360963,26.505293]]]}},{"type":"Feature","id":1160852756,"properties":{"osmId":"way/1160852756","name":null,"building":"residential","levels":"1","wheelchair":null,"inAcademicArea":false,"entrances":1},"geometry":{"type":"Polygon","coordinates":[[[80.2361562,26.5049801],[80.2360239,26.504981],[80.2360216,26.5047024],[80.2361539,26.5047015],[80.2361551,26.5048457],[80.2361562,26.5049801]]]}},{"type":"Feature","id":1160852757,"properties":{"osmId":"way/1160852757","name":null,"building":"residential","levels":"1","wheelchair":null,"inAcademicArea":false,"entrances":1},"geometry":{"type":"Polygon","coordinates":[[[80.2361745,26.5049793],[80.2361751,26.5048457],[80.2361758,26.5047024],[80.2362987,26.5047028],[80.2362975,26.5049798],[80.2361745,26.5049793]]]}},{"type":"Feature","id":1160852760,"properties":{"osmId":"way/1160852760","name":null,"building":"residential","levels":"1","wheelchair":null,"inAcademicArea":false,"entrances":1},"geometry":{"type":"Polygon","coordinates":[[[80.2357792,26.5049915],[80.2357798,26.5048579],[80.2357805,26.5047145],[80.2359034,26.504715],[80.2359022,26.5049919],[80.2357792,26.5049915]]]}},{"type":"Feature","id":1160852762,"properties":{"osmId":"way/1160852762","name":null,"building":"residential","levels":"1","wheelchair":null,"inAcademicArea":false,"entrances":1},"geometry":{"type":"Polygon","coordinates":[[[80.2361538,26.504603],[80.2360215,26.5046039],[80.2360191,26.5043253],[80.2361514,26.5043244],[80.2361526,26.5044685],[80.2361538,26.504603]]]}},{"type":"Feature","id":1160852763,"properties":{"osmId":"way/1160852763","name":null,"building":"residential","levels":"1","wheelchair":null,"inAcademicArea":false,"entrances":1},"geometry":{"type":"Polygon","coordinates":[[[80.236172,26.5046022],[80.2361726,26.5044686],[80.2361733,26.5043252],[80.2362962,26.5043257],[80.236295,26.5046026],[80.236172,26.5046022]]]}},{"type":"Feature","id":1160852766,"properties":{"osmId":"way/1160852766","name":null,"building":"residential","levels":"1","wheelchair":null,"inAcademicArea":false,"entrances":1},"geometry":{"type":"Polygon","coordinates":[[[80.2357941,26.5045704],[80.2357947,26.5044369],[80.2357954,26.5042935],[80.2359183,26.5042939],[80.2359171,26.5045709],[80.2357941,26.5045704]]]}},{"type":"Feature","id":1160852768,"properties":{"osmId":"way/1160852768","name":null,"building":"residential","levels":"1","wheelchair":null,"inAcademicArea":false,"entrances":1},"geometry":{"type":"Polygon","coordinates":[[[80.2357869,26.504146],[80.2357875,26.5040124],[80.2357882,26.503869],[80.2359112,26.5038695],[80.2359099,26.5041464],[80.2357869,26.504146]]]}},{"type":"Feature","id":1495660228,"properties":{"osmId":"way/1495660228","name":null,"building":"yes","levels":null,"wheelchair":null,"inAcademicArea":false,"entrances":0},"geometry":{"type":"Polygon","coordinates":[[[80.237604,26.5050202],[80.2374451,26.5051403],[80.2373366,26.505047],[80.2375176,26.5049184],[80.237604,26.5050202]]]}},{"type":"Feature","id":1495660229,"properties":{"osmId":"way/1495660229","name":null,"building":"yes","levels":null,"wheelchair":null,"inAcademicArea":false,"entrances":0},"geometry":{"type":"Polygon","coordinates":[[[80.2377175,26.5050916],[80.2375311,26.5052228],[80.2374761,26.5051783],[80.2376699,26.5050462],[80.2377175,26.5050916]]]}},{"type":"Feature","id":1495660230,"properties":{"osmId":"way/1495660230","name":null,"building":"yes","levels":null,"wheelchair":null,"inAcademicArea":false,"entrances":0},"geometry":{"type":"Polygon","coordinates":[[[80.2378046,26.5051807],[80.2376233,26.5053151],[80.2375653,26.5052677],[80.2377562,26.5051352],[80.2378046,26.5051807]]]}},{"type":"Feature","id":1495660231,"properties":{"osmId":"way/1495660231","name":null,"building":"yes","levels":null,"wheelchair":null,"inAcademicArea":false,"entrances":0},"geometry":{"type":"Polygon","coordinates":[[[80.2380101,26.5053419],[80.2378262,26.505492],[80.2377651,26.5054409],[80.2379596,26.5052961],[80.2380101,26.5053419]]]}},{"type":"Feature","id":1495660232,"properties":{"osmId":"way/1495660232","name":null,"building":"yes","levels":null,"wheelchair":null,"inAcademicArea":false,"entrances":0},"geometry":{"type":"Polygon","coordinates":[[[80.238437,26.5057638],[80.2383795,26.5057036],[80.2382588,26.5058056],[80.2382324,26.5057835],[80.2381785,26.5058232],[80.2382679,26.5058998],[80.238437,26.5057638]]]}},{"type":"Feature","id":1495660233,"properties":{"osmId":"way/1495660233","name":null,"building":"yes","levels":null,"wheelchair":null,"inAcademicArea":false,"entrances":0},"geometry":{"type":"Polygon","coordinates":[[[80.238323,26.5056609],[80.2382173,26.5055507],[80.2380341,26.5056836],[80.2381568,26.5057928],[80.238323,26.5056609]]]}},{"type":"Feature","id":1495660234,"properties":{"osmId":"way/1495660234","name":null,"building":"yes","levels":null,"wheelchair":null,"inAcademicArea":false,"entrances":0},"geometry":{"type":"Polygon","coordinates":[[[80.2367618,26.5044165],[80.2366149,26.5045164],[80.2365189,26.5044254],[80.236671,26.5043327],[80.2367618,26.5044165]]]}},{"type":"Feature","id":1495660235,"properties":{"osmId":"way/1495660235","name":null,"building":"yes","levels":null,"wheelchair":null,"inAcademicArea":false,"entrances":0},"geometry":{"type":"Polygon","coordinates":[[[80.2369708,26.504557],[80.2369453,26.5045292],[80.2369312,26.5045447],[80.2368824,26.5044844],[80.2367643,26.5045752],[80.2368408,26.5046456],[80.2369708,26.504557]]]}},{"type":"Feature","id":1495660236,"properties":{"osmId":"way/1495660236","name":null,"building":"yes","levels":null,"wheelchair":null,"inAcademicArea":false,"entrances":0},"geometry":{"type":"Polygon","coordinates":[[[80.2374476,26.5047501],[80.2374857,26.5047231],[80.2374644,26.5047087],[80.2375157,26.5046629],[80.2373954,26.5045278],[80.2372584,26.5046071],[80.2372923,26.504645],[80.2373462,26.5046055],[80.2373666,26.5046285],[80.2373507,26.5046424],[80.2373762,26.5046702],[80.2373979,26.5046563],[80.2374413,26.5047057],[80.2374196,26.504724],[80.2374476,26.5047501]]]}},{"type":"Feature","id":1495660237,"properties":{"osmId":"way/1495660237","name":null,"building":"yes","levels":null,"wheelchair":null,"inAcademicArea":false,"entrances":0},"geometry":{"type":"Polygon","coordinates":[[[80.2373761,26.5045355],[80.2374409,26.5044965],[80.2372877,26.50433],[80.2372145,26.5043653],[80.2373761,26.5045355]]]}},{"type":"Feature","id":1495660238,"properties":{"osmId":"way/1495660238","name":null,"building":"yes","levels":null,"wheelchair":null,"inAcademicArea":false,"entrances":0},"geometry":{"type":"Polygon","coordinates":[[[80.2373683,26.5045399],[80.2372699,26.504592],[80.2372022,26.5045244],[80.2372937,26.5044556],[80.2373683,26.5045399]]]}},{"type":"Feature","id":1495660239,"properties":{"osmId":"way/1495660239","name":null,"building":"yes","levels":null,"wheelchair":null,"inAcademicArea":false,"entrances":0},"geometry":{"type":"Polygon","coordinates":[[[80.2368863,26.5041963],[80.2369652,26.5041382],[80.2368211,26.5039721],[80.2366504,26.5040847],[80.2366864,26.5041248],[80.2367123,26.5041053],[80.2367316,26.5041405],[80.2367121,26.5041623],[80.2367446,26.504202],[80.2368338,26.5041374],[80.2368863,26.5041963]]]}},{"type":"Feature","id":1495660240,"properties":{"osmId":"way/1495660240","name":null,"building":"yes","levels":null,"wheelchair":null,"inAcademicArea":false,"entrances":0},"geometry":{"type":"Polygon","coordinates":[[[80.2371774,26.5042932],[80.2370227,26.5041202],[80.2367893,26.5042739],[80.2369172,26.5044065],[80.2369778,26.5044368],[80.2371774,26.5042932]]]}},{"type":"Feature","id":1495660241,"properties":{"osmId":"way/1495660241","name":null,"building":"yes","levels":null,"wheelchair":null,"inAcademicArea":false,"entrances":0},"geometry":{"type":"Polygon","coordinates":[[[80.2364298,26.5040181],[80.2363969,26.503983],[80.2363828,26.5039946],[80.2363481,26.5039573],[80.2363659,26.5039449],[80.2363421,26.5039154],[80.2361633,26.5040175],[80.2362683,26.5041237],[80.2363226,26.5040898],[80.2363013,26.5040582],[80.2363564,26.5040283],[80.2363743,26.5040588],[80.2364298,26.5040181]]]}},{"type":"Feature","id":1495660244,"properties":{"osmId":"way/1495660244","name":null,"building":"yes","levels":null,"wheelchair":null,"inAcademicArea":false,"entrances":0},"geometry":{"type":"Polygon","coordinates":[[[80.2361526,26.5034978],[80.2360032,26.5035879],[80.235951,26.5035302],[80.2359782,26.5035035],[80.2359329,26.503465],[80.2359088,26.5034777],[80.2358515,26.5034202],[80.2360104,26.5033033],[80.2361526,26.5034978]]]}},{"type":"Feature","id":1495660245,"properties":{"osmId":"way/1495660245","name":null,"building":"yes","levels":null,"wheelchair":null,"inAcademicArea":false,"entrances":0},"geometry":{"type":"Polygon","coordinates":[[[80.2362485,26.5036294],[80.2361737,26.5035392],[80.2360321,26.5036182],[80.2361244,26.5037046],[80.2362485,26.5036294]]]}},{"type":"Feature","id":1495660246,"properties":{"osmId":"way/1495660246","name":null,"building":"yes","levels":null,"wheelchair":null,"inAcademicArea":false,"entrances":0},"geometry":{"type":"Polygon","coordinates":[[[80.2361884,26.5038463],[80.2361093,26.5037815],[80.2360007,26.5038551],[80.2360719,26.5039199],[80.2361884,26.5038463]]]}},{"type":"Feature","id":1495660247,"properties":{"osmId":"way/1495660247","name":null,"building":"yes","levels":null,"wheelchair":null,"inAcademicArea":false,"entrances":0},"geometry":{"type":"Polygon","coordinates":[[[80.2361089,26.5037733],[80.2359895,26.5038569],[80.2359028,26.5037797],[80.2359018,26.5037193],[80.2359885,26.503639],[80.2361089,26.5037733]]]}},{"type":"Feature","id":1495660248,"properties":{"osmId":"way/1495660248","name":null,"building":"yes","levels":null,"wheelchair":null,"inAcademicArea":false,"entrances":0},"geometry":{"type":"Polygon","coordinates":[[[80.2366172,26.5037817],[80.2364858,26.5038747],[80.2364146,26.5037954],[80.2365433,26.5037007],[80.2366172,26.5037817]]]}},{"type":"Feature","id":1495660249,"properties":{"osmId":"way/1495660249","name":null,"building":"yes","levels":null,"wheelchair":null,"inAcademicArea":false,"entrances":0},"geometry":{"type":"Polygon","coordinates":[[[80.2365765,26.503633],[80.2364938,26.5036869],[80.2363907,26.5035347],[80.2364614,26.5034883],[80.2365765,26.503633]]]}},{"type":"Feature","id":1495660250,"properties":{"osmId":"way/1495660250","name":null,"building":"yes","levels":null,"wheelchair":null,"inAcademicArea":false,"entrances":0},"geometry":{"type":"Polygon","coordinates":[[[80.2367157,26.5035277],[80.2365984,26.5033929],[80.2365242,26.5034376],[80.2366371,26.5035743],[80.2367157,26.5035277]]]}},{"type":"Feature","id":1495660251,"properties":{"osmId":"way/1495660251","name":null,"building":"yes","levels":null,"wheelchair":null,"inAcademicArea":false,"entrances":0},"geometry":{"type":"Polygon","coordinates":[[[80.2367002,26.5035033],[80.2367619,26.5034623],[80.2366651,26.5033405],[80.2365969,26.5033875],[80.2367002,26.5035033]]]}},{"type":"Feature","id":1495660252,"properties":{"osmId":"way/1495660252","name":null,"building":"yes","levels":null,"wheelchair":null,"inAcademicArea":false,"entrances":0},"geometry":{"type":"Polygon","coordinates":[[[80.2367943,26.5032316],[80.2367174,26.5031419],[80.2366076,26.5032255],[80.2366705,26.5033134],[80.2367943,26.5032316]]]}},{"type":"Feature","id":1495660258,"properties":{"osmId":"way/1495660258","name":null,"building":"yes","levels":null,"wheelchair":null,"inAcademicArea":false,"entrances":0},"geometry":{"type":"Polygon","coordinates":[[[80.2364339,26.5030817],[80.2361765,26.5027766],[80.2360736,26.5028514],[80.2361164,26.5029013],[80.2359896,26.5029714],[80.2359201,26.5029136],[80.235871,26.5029617],[80.2360787,26.5032395],[80.2361622,26.5032918],[80.2362443,26.5032231],[80.2361085,26.5030785],[80.2362142,26.503007],[80.2363308,26.5031579],[80.2364339,26.5030817]]]}},{"type":"Feature","id":1495660259,"properties":{"osmId":"way/1495660259","name":null,"building":"yes","levels":null,"wheelchair":null,"inAcademicArea":false,"entrances":0},"geometry":{"type":"Polygon","coordinates":[[[80.236528,26.5034239],[80.2363336,26.5035651],[80.2361866,26.5033904],[80.2363771,26.5032297],[80.236528,26.5034239]]]}},{"type":"Feature","id":1495660260,"properties":{"osmId":"way/1495660260","name":null,"building":"yes","levels":null,"wheelchair":null,"inAcademicArea":false,"entrances":0},"geometry":{"type":"Polygon","coordinates":[[[80.2370033,26.5037476],[80.2368476,26.5038685],[80.2367119,26.5037185],[80.2368667,26.5035954],[80.2370033,26.5037476]]]}},{"type":"Feature","id":1495660261,"properties":{"osmId":"way/1495660261","name":null,"building":"yes","levels":null,"wheelchair":null,"inAcademicArea":false,"entrances":0},"geometry":{"type":"Polygon","coordinates":[[[80.2374678,26.503622],[80.2373981,26.5035505],[80.2372582,26.5036619],[80.237333,26.5037373],[80.2374678,26.503622]]]}},{"type":"Feature","id":1495660262,"properties":{"osmId":"way/1495660262","name":null,"building":"yes","levels":null,"wheelchair":null,"inAcademicArea":false,"entrances":0},"geometry":{"type":"Polygon","coordinates":[[[80.2373541,26.5038344],[80.2372893,26.5037668],[80.2371958,26.5038256],[80.2371315,26.5037594],[80.23707,26.5037846],[80.2372221,26.5039394],[80.2373541,26.5038344]]]}},{"type":"Feature","id":1495660263,"properties":{"osmId":"way/1495660263","name":null,"building":"yes","levels":null,"wheelchair":null,"inAcademicArea":false,"entrances":0},"geometry":{"type":"Polygon","coordinates":[[[80.2374383,26.5041013],[80.2373601,26.5040064],[80.2372972,26.5040532],[80.2373537,26.5041062],[80.2373774,26.5040882],[80.2374117,26.504119],[80.2374383,26.5041013]]]}},{"type":"Feature","id":1495660264,"properties":{"osmId":"way/1495660264","name":null,"building":"yes","levels":null,"wheelchair":null,"inAcademicArea":false,"entrances":0},"geometry":{"type":"Polygon","coordinates":[[[80.2369503,26.5035925],[80.236867,26.5034717],[80.2369096,26.5034493],[80.2369971,26.5035601],[80.2369503,26.5035925]]]}},{"type":"Feature","id":1495660265,"properties":{"osmId":"way/1495660265","name":null,"building":"yes","levels":null,"wheelchair":null,"inAcademicArea":false,"entrances":0},"geometry":{"type":"Polygon","coordinates":[[[80.2372676,26.5034233],[80.2372155,26.5034495],[80.2371373,26.5033196],[80.2371837,26.5032911],[80.2372676,26.5034233]]]}},{"type":"Feature","id":1495660266,"properties":{"osmId":"way/1495660266","name":null,"building":"yes","levels":null,"wheelchair":null,"inAcademicArea":false,"entrances":0},"geometry":{"type":"Polygon","coordinates":[[[80.2373344,26.5034991],[80.2372099,26.5035852],[80.2371471,26.5035012],[80.2372695,26.5034283],[80.2373344,26.5034991]]]}},{"type":"Feature","id":1495660267,"properties":{"osmId":"way/1495660267","name":null,"building":"yes","levels":null,"wheelchair":null,"inAcademicArea":false,"entrances":0},"geometry":{"type":"Polygon","coordinates":[[[80.2373986,26.5033447],[80.2373487,26.5033695],[80.2372639,26.5032493],[80.2373099,26.5032221],[80.2373986,26.5033447]]]}},{"type":"Feature","id":1495660268,"properties":{"osmId":"way/1495660268","name":null,"building":"yes","levels":null,"wheelchair":null,"inAcademicArea":false,"entrances":0},"geometry":{"type":"Polygon","coordinates":[[[80.237874,26.5027457],[80.2377959,26.5026702],[80.2376627,26.50277],[80.2377422,26.5028524],[80.237874,26.5027457]]]}},{"type":"Feature","id":203657903,"properties":{"osmId":"way/203657903","name":null,"building":"yes","levels":null,"wheelchair":null,"inAcademicArea":false,"entrances":0},"geometry":{"type":"Polygon","coordinates":[[[80.2270399,26.5122214],[80.2270411,26.512136],[80.2270921,26.5121278],[80.2270938,26.5120974],[80.2271759,26.512101],[80.2271753,26.5121345],[80.2272388,26.5121383],[80.2272375,26.5122237],[80.2270399,26.5122214]]]}},{"type":"Feature","id":203657905,"properties":{"osmId":"way/203657905","name":null,"building":"yes","levels":null,"wheelchair":null,"inAcademicArea":false,"entrances":0},"geometry":{"type":"Polygon","coordinates":[[[80.2275463,26.5120544],[80.2275482,26.5118853],[80.2276427,26.5118862],[80.2276408,26.5120553],[80.2275463,26.5120544]]]}},{"type":"Feature","id":203657908,"properties":{"osmId":"way/203657908","name":null,"building":"yes","levels":null,"wheelchair":null,"inAcademicArea":false,"entrances":0},"geometry":{"type":"Polygon","coordinates":[[[80.2270444,26.5120168],[80.2270456,26.5119314],[80.2272433,26.5119337],[80.227242,26.5120191],[80.2270444,26.5120168]]]}},{"type":"Feature","id":203657909,"properties":{"osmId":"way/203657909","name":null,"building":"yes","levels":null,"wheelchair":null,"inAcademicArea":false,"entrances":0},"geometry":{"type":"Polygon","coordinates":[[[80.2272788,26.5122198],[80.2272811,26.5121327],[80.2274649,26.5121375],[80.2274637,26.5122229],[80.2272788,26.5122198]]]}},{"type":"Feature","id":203657910,"properties":{"osmId":"way/203657910","name":null,"building":"yes","levels":null,"wheelchair":null,"inAcademicArea":false,"entrances":0},"geometry":{"type":"Polygon","coordinates":[[[80.227551,26.5122611],[80.2275472,26.5120903],[80.2276436,26.5120885],[80.2276475,26.5122594],[80.227551,26.5122611]]]}},{"type":"Feature","id":203657912,"properties":{"osmId":"way/203657912","name":null,"building":"yes","levels":null,"wheelchair":null,"inAcademicArea":false,"entrances":0},"geometry":{"type":"Polygon","coordinates":[[[80.227266,26.5120145],[80.2272673,26.511929],[80.2274649,26.5119313],[80.2274637,26.5120168],[80.227266,26.5120145]]]}},{"type":"Feature","id":203657919,"properties":{"osmId":"way/203657919","name":null,"building":"yes","levels":null,"wheelchair":null,"inAcademicArea":false,"entrances":0},"geometry":{"type":"Polygon","coordinates":[[[80.2281354,26.5120561],[80.2281375,26.5119036],[80.22806,26.5119028],[80.2280597,26.5119185],[80.2280458,26.5119184],[80.2280442,26.5120403],[80.2280635,26.5120405],[80.2280633,26.5120553],[80.2281354,26.5120561]]]}},{"type":"Feature","id":203657928,"properties":{"osmId":"way/203657928","name":null,"building":"yes","levels":null,"wheelchair":null,"inAcademicArea":false,"entrances":0},"geometry":{"type":"Polygon","coordinates":[[[80.2278132,26.5120541],[80.2278165,26.5119007],[80.2278892,26.511902],[80.2278888,26.5119198],[80.2279052,26.51192],[80.2279025,26.512042],[80.2278856,26.5120417],[80.2278853,26.5120554],[80.2278132,26.5120541]]]}},{"type":"Feature","id":203657929,"properties":{"osmId":"way/203657929","name":null,"building":"yes","levels":null,"wheelchair":null,"inAcademicArea":false,"entrances":0},"geometry":{"type":"Polygon","coordinates":[[[80.2278071,26.5122121],[80.2278104,26.5120587],[80.2278831,26.5120599],[80.2278827,26.5120777],[80.2278991,26.512078],[80.2278965,26.5122],[80.2278795,26.5121997],[80.2278792,26.5122133],[80.2278071,26.5122121]]]}},{"type":"Feature","id":268045151,"properties":{"osmId":"way/268045151","name":"Block A","building":"residential","levels":"2","wheelchair":null,"inAcademicArea":false,"entrances":0},"geometry":{"type":"Polygon","coordinates":[[[80.2252873,26.5122713],[80.2252009,26.5122692],[80.2252079,26.51196],[80.2252943,26.5119579],[80.2252873,26.5122713]]]}},{"type":"Feature","id":268045152,"properties":{"osmId":"way/268045152","name":"Block B","building":"residential","levels":"2","wheelchair":null,"inAcademicArea":false,"entrances":0},"geometry":{"type":"Polygon","coordinates":[[[80.2252889,26.5124609],[80.2252901,26.5123753],[80.2249492,26.5123714],[80.224948,26.512457],[80.2252889,26.5124609]]]}},{"type":"Feature","id":268050269,"properties":{"osmId":"way/268050269","name":"Block C","building":"residential","levels":null,"wheelchair":null,"inAcademicArea":false,"entrances":0},"geometry":{"type":"Polygon","coordinates":[[[80.2247451,26.5123643],[80.2248575,26.5123638],[80.2248626,26.5121027],[80.2247496,26.5121079],[80.2247451,26.5123643]]]}},{"type":"Feature","id":268050270,"properties":{"osmId":"way/268050270","name":null,"building":"residential","levels":null,"wheelchair":null,"inAcademicArea":false,"entrances":0},"geometry":{"type":"Polygon","coordinates":[[[80.2248615,26.512016],[80.2248634,26.5119232],[80.2245149,26.5119248],[80.2245122,26.5120192],[80.2248615,26.512016]]]}},{"type":"Feature","id":268050271,"properties":{"osmId":"way/268050271","name":null,"building":"residential","levels":null,"wheelchair":null,"inAcademicArea":false,"entrances":0},"geometry":{"type":"Polygon","coordinates":[[[80.2243043,26.5122637],[80.2244179,26.5122621],[80.2244193,26.5119253],[80.2243037,26.511921],[80.2243043,26.5122637]]]}},{"type":"Feature","id":268105802,"properties":{"osmId":"way/268105802","name":null,"building":"yes","levels":null,"wheelchair":null,"inAcademicArea":false,"entrances":0},"geometry":{"type":"Polygon","coordinates":[[[80.2252016,26.5116583],[80.2253142,26.5116583],[80.2253142,26.5113559],[80.2252016,26.5113535],[80.2252016,26.5116583]]]}},{"type":"Feature","id":268105803,"properties":{"osmId":"way/268105803","name":null,"building":"yes","levels":null,"wheelchair":null,"inAcademicArea":false,"entrances":0},"geometry":{"type":"Polygon","coordinates":[[[80.2245268,26.5115735],[80.2245332,26.5116385],[80.2248685,26.5116408],[80.2248639,26.5115246],[80.2245268,26.5115735]]]}},{"type":"Feature","id":268105804,"properties":{"osmId":"way/268105804","name":null,"building":"yes","levels":null,"wheelchair":null,"inAcademicArea":false,"entrances":0},"geometry":{"type":"Polygon","coordinates":[[[80.2247852,26.5114485],[80.2248762,26.5114504],[80.2248733,26.5111467],[80.2247792,26.5111458],[80.2247852,26.5114485]]]}},{"type":"Feature","id":268105806,"properties":{"osmId":"way/268105806","name":null,"building":"yes","levels":null,"wheelchair":null,"inAcademicArea":false,"entrances":0},"geometry":{"type":"Polygon","coordinates":[[[80.2253361,26.511221],[80.2253401,26.5111581],[80.2249915,26.5111381],[80.2249915,26.5112163],[80.2253361,26.511221]]]}},{"type":"Feature","id":376400408,"properties":{"osmId":"way/376400408","name":"Hall 9 Block A","building":"dormitory","levels":"3","wheelchair":null,"inAcademicArea":false,"entrances":0},"geometry":{"type":"Polygon","coordinates":[[[80.2264704,26.5076066],[80.2264707,26.5075079],[80.2267281,26.5075085],[80.226728,26.5075365],[80.2268067,26.5075368],[80.2268068,26.5075121],[80.2270545,26.5075128],[80.2270541,26.5076095],[80.2269971,26.5076093],[80.2269972,26.5075947],[80.2268012,26.5075941],[80.2268013,26.5075655],[80.2267736,26.5075655],[80.2267735,26.5076067],[80.2267334,26.5076066],[80.2267335,26.5075924],[80.2265302,26.5075919],[80.2265302,26.5076067],[80.2264704,26.5076066]]]}},{"type":"Feature","id":376400409,"properties":{"osmId":"way/376400409","name":"Hall 9 Block B","building":"dormitory","levels":"3","wheelchair":null,"inAcademicArea":false,"entrances":0},"geometry":{"type":"Polygon","coordinates":[[[80.2258207,26.5075004],[80.2260704,26.5075011],[80.2260703,26.5075284],[80.2261519,26.5075286],[80.226152,26.5075058],[80.2264014,26.5075064],[80.226401,26.5076088],[80.2263402,26.5076087],[80.2263403,26.5075886],[80.2261507,26.5075881],[80.2261507,26.5076019],[80.2261134,26.5076018],[80.2261136,26.5075609],[80.2260712,26.5075608],[80.2260711,26.5075909],[80.2258855,26.5075905],[80.2258854,26.5076051],[80.2258204,26.5076049],[80.2258207,26.5075004]]]}},{"type":"Feature","id":376400410,"properties":{"osmId":"way/376400410","name":"Hall 9 Block C","building":"dormitory","levels":"3","wheelchair":null,"inAcademicArea":false,"entrances":0},"geometry":{"type":"Polygon","coordinates":[[[80.2267258,26.5077929],[80.2267974,26.5077931],[80.2267973,26.50782],[80.2270473,26.5078207],[80.2270477,26.5077197],[80.2269872,26.5077195],[80.2269872,26.5077375],[80.2265243,26.5077362],[80.2265244,26.5077173],[80.2264701,26.5077171],[80.2264697,26.5078224],[80.2267257,26.5078231],[80.2267258,26.5077929]]]}},{"type":"Feature","id":376400411,"properties":{"osmId":"way/376400411","name":"Hall 9 Block D","building":"dormitory","levels":"3","wheelchair":null,"inAcademicArea":false,"entrances":0},"geometry":{"type":"Polygon","coordinates":[[[80.2260811,26.5077914],[80.2261481,26.5077916],[80.226148,26.507817],[80.226404,26.5078176],[80.2264043,26.5077229],[80.2263552,26.5077227],[80.2263552,26.507736],[80.225881,26.5077347],[80.225881,26.507723],[80.2258238,26.5077228],[80.2258235,26.50782],[80.226081,26.5078207],[80.2260811,26.5077914]]]}},{"type":"Feature","id":376400412,"properties":{"osmId":"way/376400412","name":"Hall 9 Block E","building":"dormitory","levels":"3","wheelchair":null,"inAcademicArea":false,"entrances":0},"geometry":{"type":"Polygon","coordinates":[[[80.2264635,26.5083423],[80.2264639,26.5082436],[80.2267212,26.5082442],[80.2267211,26.5082722],[80.2267958,26.5082724],[80.2267959,26.5082496],[80.2270479,26.5082502],[80.2270476,26.5083453],[80.2269903,26.5083451],[80.2269904,26.5083304],[80.2267943,26.5083299],[80.2267944,26.5083016],[80.2267591,26.5083015],[80.2267589,26.5083426],[80.2267266,26.5083425],[80.2267267,26.5083281],[80.2265234,26.5083275],[80.2265234,26.5083425],[80.2264635,26.5083423]]]}},{"type":"Feature","id":376400413,"properties":{"osmId":"way/376400413","name":"Hall 9 Block F","building":"dormitory","levels":"3","wheelchair":null,"inAcademicArea":false,"entrances":0},"geometry":{"type":"Polygon","coordinates":[[[80.22582,26.5082374],[80.2260695,26.5082381],[80.2260694,26.5082654],[80.226151,26.5082656],[80.226151,26.5082429],[80.2264004,26.5082435],[80.2264,26.5083458],[80.2263393,26.5083457],[80.2263393,26.5083256],[80.2261498,26.5083251],[80.2261497,26.5083389],[80.2261125,26.5083388],[80.2261126,26.5082979],[80.2260703,26.5082978],[80.2260702,26.5083279],[80.2258845,26.5083275],[80.2258845,26.5083421],[80.2258197,26.508342],[80.22582,26.5082374]]]}},{"type":"Feature","id":376400414,"properties":{"osmId":"way/376400414","name":"Hall 9 Block G","building":"dormitory","levels":"3","wheelchair":null,"inAcademicArea":false,"entrances":0},"geometry":{"type":"Polygon","coordinates":[[[80.2267251,26.5085254],[80.2267926,26.5085256],[80.2267925,26.5085524],[80.2270469,26.5085531],[80.2270471,26.5084701],[80.2264691,26.5084686],[80.2264688,26.5085548],[80.226725,26.5085555],[80.2267251,26.5085254]]]}},{"type":"Feature","id":376400416,"properties":{"osmId":"way/376400416","name":"Hall 9 Mess","building":"yes","levels":null,"wheelchair":null,"inAcademicArea":false,"entrances":0},"geometry":{"type":"Polygon","coordinates":[[[80.2258591,26.5081259],[80.2258597,26.5079282],[80.2263114,26.5079294],[80.2263113,26.507959],[80.2263746,26.5079592],[80.2263741,26.5080979],[80.2263073,26.5080977],[80.2263072,26.508127],[80.2258591,26.5081259]]]}},{"type":"Feature","id":376400419,"properties":{"osmId":"way/376400419","name":null,"building":"yes","levels":null,"wheelchair":null,"inAcademicArea":false,"entrances":0},"geometry":{"type":"Polygon","coordinates":[[[80.2268128,26.508145],[80.2268152,26.5079123],[80.226992,26.5079138],[80.2269896,26.5081465],[80.2268128,26.508145]]]}},{"type":"Feature","id":376400429,"properties":{"osmId":"way/376400429","name":"Hall 9 Block H","building":"dormitory","levels":"3","wheelchair":null,"inAcademicArea":false,"entrances":0},"geometry":{"type":"Polygon","coordinates":[[[80.2260859,26.5085285],[80.2261533,26.5085287],[80.2261532,26.508554],[80.2264088,26.5085547],[80.2264091,26.5084732],[80.2258846,26.5084718],[80.2258846,26.5084516],[80.2258292,26.5084514],[80.2258289,26.5085571],[80.2260858,26.5085578],[80.2260859,26.5085285]]]}},{"type":"Feature","id":1102507059,"properties":{"osmId":"way/1102507059","name":"Hall 5 Block C","building":"dormitory","levels":"3","wheelchair":null,"inAcademicArea":false,"entrances":0},"geometry":{"type":"Polygon","coordinates":[[[80.228378,26.5100664],[80.228898,26.5100646],[80.2288975,26.5099619],[80.2283775,26.5099638],[80.228378,26.5100664]]]}},{"type":"Feature","id":1102507060,"properties":{"osmId":"way/1102507060","name":"Hall 5 Block D","building":"dormitory","levels":"3","wheelchair":null,"inAcademicArea":false,"entrances":0},"geometry":{"type":"Polygon","coordinates":[[[80.2283882,26.5102817],[80.2288917,26.5102821],[80.2288918,26.5101791],[80.2283883,26.5101788],[80.2283882,26.5102817]]]}},{"type":"Feature","id":1102507061,"properties":{"osmId":"way/1102507061","name":"Hall 5 Mess","building":"yes","levels":null,"wheelchair":null,"inAcademicArea":false,"entrances":0},"geometry":{"type":"Polygon","coordinates":[[[80.2276729,26.5096486],[80.2280915,26.5096515],[80.2280932,26.5094535],[80.2276746,26.5094506],[80.2276729,26.5096486]]]}},{"type":"Feature","id":1102507062,"properties":{"osmId":"way/1102507062","name":"Hall 5 Canteen","building":"yes","levels":null,"wheelchair":null,"inAcademicArea":false,"entrances":0},"geometry":{"type":"Polygon","coordinates":[[[80.2283285,26.5094637],[80.2284509,26.5094634],[80.2284505,26.5093445],[80.2283688,26.5093447],[80.2283691,26.5094049],[80.228328,26.5094054],[80.2283285,26.5094637]]]}},{"type":"Feature","id":1130615170,"properties":{"osmId":"way/1130615170","name":"Hall 5 Block F","building":"dormitory","levels":"3","wheelchair":null,"inAcademicArea":false,"entrances":0},"geometry":{"type":"Polygon","coordinates":[[[80.2278966,26.5101666],[80.2283944,26.5101679],[80.2283948,26.5100713],[80.2278969,26.51007],[80.2278966,26.5101666]]]}},{"type":"Feature","id":1130615171,"properties":{"osmId":"way/1130615171","name":"Hall 5 Block E","building":"dormitory","levels":"3","wheelchair":null,"inAcademicArea":false,"entrances":0},"geometry":{"type":"Polygon","coordinates":[[[80.2278944,26.50995],[80.2284045,26.5099478],[80.2284039,26.5098451],[80.2278938,26.5098474],[80.2278944,26.50995]]]}},{"type":"Feature","id":1130673238,"properties":{"osmId":"way/1130673238","name":"Hall 5 Block B","building":"dormitory","levels":"3","wheelchair":null,"inAcademicArea":false,"entrances":0},"geometry":{"type":"Polygon","coordinates":[[[80.2283843,26.5091657],[80.228915,26.5091681],[80.2289156,26.5090679],[80.2283848,26.5090654],[80.2283843,26.5091657]]]}},{"type":"Feature","id":1130673239,"properties":{"osmId":"way/1130673239","name":"Hall 5 Block A","building":"dormitory","levels":"3","wheelchair":null,"inAcademicArea":false,"entrances":0},"geometry":{"type":"Polygon","coordinates":[[[80.2283822,26.508939],[80.2288934,26.5089408],[80.2288938,26.5088499],[80.2283826,26.508848],[80.2283822,26.508939]]]}},{"type":"Feature","id":1130673240,"properties":{"osmId":"way/1130673240","name":"Hall 5 Block I","building":"dormitory","levels":"3","wheelchair":null,"inAcademicArea":false,"entrances":0},"geometry":{"type":"Polygon","coordinates":[[[80.2279005,26.5088332],[80.2283949,26.5088385],[80.2283963,26.5087345],[80.2279019,26.5087291],[80.2279005,26.5088332]]]}},{"type":"Feature","id":1130673241,"properties":{"osmId":"way/1130673241","name":"Hall 5 Block H","building":"dormitory","levels":"3","wheelchair":null,"inAcademicArea":false,"entrances":0},"geometry":{"type":"Polygon","coordinates":[[[80.2279012,26.5090537],[80.2283948,26.5090507],[80.2283941,26.5089607],[80.2279005,26.5089638],[80.2279012,26.5090537]]]}},{"type":"Feature","id":1130673242,"properties":{"osmId":"way/1130673242","name":"Hall 5 Block G","building":"dormitory","levels":"3","wheelchair":null,"inAcademicArea":false,"entrances":0},"geometry":{"type":"Polygon","coordinates":[[[80.2278998,26.5092763],[80.2284008,26.5092744],[80.2284004,26.5091808],[80.2278993,26.5091826],[80.2278998,26.5092763]]]}},{"type":"Feature","id":1135333024,"properties":{"osmId":"way/1135333024","name":"Hall 5 Multipurpose hall","building":"yes","levels":null,"wheelchair":null,"inAcademicArea":false,"entrances":0},"geometry":{"type":"Polygon","coordinates":[[[80.2278609,26.5098212],[80.2280647,26.5098178],[80.2280618,26.5096784],[80.227858,26.5096818],[80.2278609,26.5098212]]]}},{"type":"Feature","id":1135334283,"properties":{"osmId":"way/1135334283","name":"Hall 10 Block A","building":"dormitory","levels":"4","wheelchair":null,"inAcademicArea":false,"entrances":0},"geometry":{"type":"Polygon","coordinates":[[[80.2266339,26.5067565],[80.2266677,26.5067563],[80.2269017,26.5067559],[80.2269018,26.5068259],[80.2269766,26.5068258],[80.2269765,26.5067751],[80.2270271,26.506775],[80.2270273,26.5068479],[80.2271102,26.5068478],[80.2271098,26.5066485],[80.2269808,26.5066487],[80.2269805,26.5064834],[80.2271099,26.5064832],[80.2271095,26.5062921],[80.2270334,26.5062922],[80.2270335,26.5063692],[80.2269682,26.5063693],[80.2269681,26.5063147],[80.226903,26.5063148],[80.2269031,26.5063728],[80.2266378,26.5063734],[80.2266381,26.5064973],[80.2268491,26.5064969],[80.2268495,26.5066416],[80.2266338,26.506642],[80.2266339,26.5067565]]]}},{"type":"Feature","id":1135352251,"properties":{"osmId":"way/1135352251","name":null,"building":"yes","levels":null,"wheelchair":null,"inAcademicArea":false,"entrances":0},"geometry":{"type":"Polygon","coordinates":[[[80.2256958,26.5071991],[80.2258957,26.5072014],[80.2258988,26.5069789],[80.2258124,26.5069779],[80.2258135,26.5068963],[80.2257001,26.506895],[80.2256958,26.5071991]]]}},{"type":"Feature","id":1135352252,"properties":{"osmId":"way/1135352252","name":"Hall 10 Laundry Room","building":"yes","levels":null,"wheelchair":null,"inAcademicArea":false,"entrances":0},"geometry":{"type":"Polygon","coordinates":[[[80.2263943,26.5063471],[80.226468,26.5063234],[80.2264489,26.5062757],[80.2263751,26.5062994],[80.2263943,26.5063471]]]}},{"type":"Feature","id":1135360258,"properties":{"osmId":"way/1135360258","name":"Hall 5 TV Room","building":"yes","levels":null,"wheelchair":null,"inAcademicArea":false,"entrances":0},"geometry":{"type":"Polygon","coordinates":[[[80.2284893,26.5094679],[80.2286119,26.5094668],[80.2286101,26.5093057],[80.2284874,26.5093068],[80.2284893,26.5094679]]]}},{"type":"Feature","id":1136989052,"properties":{"osmId":"way/1136989052","name":null,"building":"yes","levels":null,"wheelchair":null,"inAcademicArea":false,"entrances":0},"geometry":{"type":"Polygon","coordinates":[[[80.2286599,26.5101239],[80.2287905,26.5101236],[80.2287904,26.5100688],[80.2286598,26.5100689],[80.2286599,26.5101239]]]}},{"type":"Feature","id":1137756285,"properties":{"osmId":"way/1137756285","name":null,"building":"yes","levels":null,"wheelchair":null,"inAcademicArea":false,"entrances":0},"geometry":{"type":"Polygon","coordinates":[[[80.2243769,26.5111593],[80.2246865,26.5111154],[80.2248595,26.5111248],[80.2261826,26.5112209],[80.2261795,26.5116331],[80.2243598,26.511714],[80.2243769,26.5111593]]]}},{"type":"Feature","id":1137756286,"properties":{"osmId":"way/1137756286","name":null,"building":"yes","levels":null,"wheelchair":null,"inAcademicArea":false,"entrances":0},"geometry":{"type":"Polygon","coordinates":[[[80.2266843,26.511397],[80.2266834,26.5115522],[80.2265422,26.5115515],[80.2265417,26.5116414],[80.2262317,26.51164],[80.2262319,26.5115994],[80.2263623,26.5116],[80.2263631,26.5114553],[80.2262943,26.511455],[80.2262947,26.5113952],[80.2266843,26.511397]]]}},{"type":"Feature","id":1137984878,"properties":{"osmId":"way/1137984878","name":"Hall 5 Reading Room","building":"yes","levels":null,"wheelchair":null,"inAcademicArea":false,"entrances":0},"geometry":{"type":"Polygon","coordinates":[[[80.2283285,26.5094637],[80.2282191,26.5094644],[80.2282186,26.5094062],[80.228328,26.5094054],[80.2283285,26.5094637]]]}},{"type":"Feature","id":1142120964,"properties":{"osmId":"way/1142120964","name":"Hall 10 Block B","building":"dormitory","levels":"4","wheelchair":null,"inAcademicArea":false,"entrances":0},"geometry":{"type":"Polygon","coordinates":[[[80.2262406,26.5067473],[80.2262406,26.5067636],[80.2262392,26.5069865],[80.2261609,26.5069861],[80.2261604,26.5070531],[80.2262171,26.5070534],[80.2262168,26.5070987],[80.2261353,26.5070982],[80.2261348,26.5071724],[80.2263575,26.5071736],[80.2263583,26.5070582],[80.226543,26.5070593],[80.2265422,26.507175],[80.2267558,26.5071762],[80.2267562,26.5071081],[80.2266702,26.5071076],[80.2266706,26.5070491],[80.2267316,26.5070495],[80.226732,26.5069912],[80.2266672,26.5069909],[80.2266677,26.5067563],[80.2266339,26.5067565],[80.2265301,26.5067569],[80.2265289,26.5069415],[80.2263673,26.5069407],[80.2263685,26.5067477],[80.2262406,26.5067473]]]}},{"type":"Feature","id":1142120965,"properties":{"osmId":"way/1142120965","name":"Hall 10 Block C","building":"dormitory","levels":"4","wheelchair":null,"inAcademicArea":false,"entrances":0},"geometry":{"type":"Polygon","coordinates":[[[80.2262581,26.5063813],[80.2259905,26.5063765],[80.2259921,26.5063065],[80.2259173,26.5063051],[80.2259162,26.5063559],[80.2258656,26.5063549],[80.2258672,26.506282],[80.2257844,26.5062805],[80.2257798,26.5064797],[80.2259087,26.5064821],[80.2259049,26.5066474],[80.2257756,26.506645],[80.2257712,26.5068361],[80.2258473,26.5068375],[80.2258491,26.5067605],[80.2259144,26.5067617],[80.2259132,26.5068163],[80.2259782,26.5068174],[80.2259795,26.5067594],[80.2262406,26.5067636],[80.2262406,26.5067473],[80.2262404,26.5066411],[80.2260367,26.5066365],[80.2260399,26.5064919],[80.2262555,26.5064957],[80.2262581,26.5063813]]]}},{"type":"Feature","id":1162105833,"properties":{"osmId":"way/1162105833","name":null,"building":"yes","levels":null,"wheelchair":null,"inAcademicArea":false,"entrances":0},"geometry":{"type":"Polygon","coordinates":[[[80.2286653,26.5103437],[80.2287959,26.5103434],[80.2287958,26.5102886],[80.2286652,26.5102887],[80.2286653,26.5103437]]]}},{"type":"Feature","id":1167531616,"properties":{"osmId":"way/1167531616","name":null,"building":"dormitory","levels":null,"wheelchair":null,"inAcademicArea":false,"entrances":0},"geometry":{"type":"Polygon","coordinates":[[[80.2275126,26.5068037],[80.2276129,26.5068009],[80.2276095,26.5067013],[80.2277033,26.5066253],[80.227784,26.5066235],[80.2277821,26.5065565],[80.2275693,26.5065614],[80.2275067,26.5066333],[80.2275126,26.5068037]]]}},{"type":"Feature","id":1167531617,"properties":{"osmId":"way/1167531617","name":null,"building":"dormitory","levels":null,"wheelchair":null,"inAcademicArea":false,"entrances":0},"geometry":{"type":"Polygon","coordinates":[[[80.2276638,26.5069925],[80.2276653,26.5068246],[80.2279016,26.5068263],[80.227904,26.5065604],[80.2280728,26.5065617],[80.2280745,26.5063703],[80.2279509,26.5063694],[80.2278709,26.5064493],[80.22787,26.5065481],[80.227752,26.5065472],[80.2277538,26.5063677],[80.2278505,26.5063028],[80.2280855,26.5062903],[80.2280848,26.5062402],[80.2283991,26.506234],[80.2283795,26.5063084],[80.2283788,26.506366],[80.2283323,26.5064376],[80.2282241,26.5064371],[80.2282238,26.5064843],[80.2281495,26.506484],[80.2281491,26.5065532],[80.2282157,26.5065535],[80.2282153,26.5066225],[80.2281853,26.5066224],[80.2281686,26.5066857],[80.2280457,26.5066898],[80.2280478,26.5067393],[80.2279636,26.5067421],[80.2279695,26.5068837],[80.2279286,26.5069387],[80.2278914,26.5069387],[80.2278133,26.5069936],[80.2276638,26.5069925]]]}},{"type":"Feature","id":1167531618,"properties":{"osmId":"way/1167531618","name":null,"building":"dormitory","levels":null,"wheelchair":null,"inAcademicArea":false,"entrances":0},"geometry":{"type":"Polygon","coordinates":[[[80.2281359,26.5077487],[80.2281369,26.5076778],[80.2282932,26.5076145],[80.2282943,26.5074956],[80.2284139,26.5074965],[80.2284122,26.5076694],[80.2283323,26.507751],[80.2281359,26.5077487]]]}},{"type":"Feature","id":1167531619,"properties":{"osmId":"way/1167531619","name":null,"building":"dormitory","levels":null,"wheelchair":null,"inAcademicArea":false,"entrances":0},"geometry":{"type":"Polygon","coordinates":[[[80.2284273,26.5075263],[80.228425,26.5074568],[80.2285053,26.5074547],[80.228589,26.5073815],[80.2285889,26.5072799],[80.2286353,26.5072799],[80.2286353,26.5072383],[80.228403,26.5072383],[80.228403,26.5074048],[80.2281184,26.5074048],[80.2281184,26.5076079],[80.2279267,26.5076079],[80.2279267,26.5074464],[80.2279956,26.5073532],[80.2280718,26.5073232],[80.2282097,26.5073204],[80.228208,26.5072512],[80.2282714,26.5072499],[80.228269,26.5071567],[80.2283509,26.5071218],[80.2284026,26.5071225],[80.2284015,26.5071895],[80.2285095,26.5071909],[80.2285108,26.5071068],[80.2285704,26.5069986],[80.2286373,26.5069703],[80.2287018,26.5069709],[80.2286958,26.5074503],[80.2286392,26.5074497],[80.2286076,26.507478],[80.2286206,26.5075213],[80.2284273,26.5075263]]]}},{"type":"Feature","id":1167531620,"properties":{"osmId":"way/1167531620","name":"Hall 7 Mess","building":"yes","levels":null,"wheelchair":null,"inAcademicArea":false,"entrances":0},"geometry":{"type":"Polygon","coordinates":[[[80.2276035,26.5073498],[80.2277686,26.5072179],[80.2276942,26.5071434],[80.2277389,26.5070752],[80.2278668,26.5069723],[80.2281211,26.5072256],[80.2279387,26.5073723],[80.2278981,26.5073476],[80.2277329,26.5074796],[80.2276035,26.5073498]]]}},{"type":"Feature","id":1486429148,"properties":{"osmId":"way/1486429148","name":"Hall12 Canteen","building":"yes","levels":null,"wheelchair":null,"inAcademicArea":false,"entrances":0},"geometry":{"type":"Polygon","coordinates":[[[80.2271361,26.5106867],[80.2271326,26.5104903],[80.2273143,26.5104882],[80.2273096,26.5106835],[80.2271361,26.5106867]]]}},{"type":"Feature","id":1486430418,"properties":{"osmId":"way/1486430418","name":"Hall 12 Block A","building":"residential","levels":"7","wheelchair":null,"inAcademicArea":false,"entrances":0},"geometry":{"type":"Polygon","coordinates":[[[80.2276022,26.5107063],[80.2276014,26.5105858],[80.227989,26.5105809],[80.227989,26.5107042],[80.2276022,26.5107063]]]}},{"type":"Feature","id":1486430419,"properties":{"osmId":"way/1486430419","name":"Hall 12 Block C","building":"residential","levels":"7","wheelchair":null,"inAcademicArea":false,"entrances":0},"geometry":{"type":"Polygon","coordinates":[[[80.227176,26.5109908],[80.2271715,26.5108508],[80.2275229,26.510858],[80.2275246,26.5110004],[80.227176,26.5109908]]]}},{"type":"Feature","id":1486430420,"properties":{"osmId":"way/1486430420","name":"Hall 12 Block B","building":"residential","levels":"7","wheelchair":null,"inAcademicArea":false,"entrances":0},"geometry":{"type":"Polygon","coordinates":[[[80.2276091,26.510996],[80.2276047,26.510856],[80.227956,26.5108632],[80.2279578,26.5110056],[80.2276091,26.510996]]]}},{"type":"Feature","id":1486430421,"properties":{"osmId":"way/1486430421","name":"Hall 12 Block D","building":"residential","levels":"7","wheelchair":null,"inAcademicArea":false,"entrances":0},"geometry":{"type":"Polygon","coordinates":[[[80.227624,26.5112725],[80.2276196,26.5111325],[80.2279709,26.5111397],[80.2279727,26.5112821],[80.227624,26.5112725]]]}},{"type":"Feature","id":1486430422,"properties":{"osmId":"way/1486430422","name":"Hall 12 Block E","building":"residential","levels":"7","wheelchair":null,"inAcademicArea":false,"entrances":0},"geometry":{"type":"Polygon","coordinates":[[[80.227185,26.5112676],[80.2271805,26.5111276],[80.2275319,26.5111348],[80.2275337,26.5112772],[80.227185,26.5112676]]]}},{"type":"Feature","id":1486430423,"properties":{"osmId":"way/1486430423","name":"Hall 12 Block F","building":"residential","levels":"7","wheelchair":null,"inAcademicArea":false,"entrances":0},"geometry":{"type":"Polygon","coordinates":[[[80.2275942,26.5115565],[80.2275897,26.5114165],[80.2279844,26.5114285],[80.2279727,26.51156],[80.2275942,26.5115565]]]}},{"type":"Feature","id":1486430424,"properties":{"osmId":"way/1486430424","name":"Hall 12 Mess","building":"yes","levels":null,"wheelchair":null,"inAcademicArea":false,"entrances":0},"geometry":{"type":"Polygon","coordinates":[[[80.2269943,26.5115648],[80.2269908,26.5113684],[80.2273906,26.5113695],[80.2273859,26.5115616],[80.2269943,26.5115648]]]}},{"type":"Feature","id":1494405414,"properties":{"osmId":"way/1494405414","name":null,"building":"yes","levels":null,"wheelchair":null,"inAcademicArea":false,"entrances":0},"geometry":{"type":"Polygon","coordinates":[[[80.2236101,26.5120023],[80.2236123,26.5119017],[80.2234262,26.511893],[80.2234273,26.5119996],[80.2236101,26.5120023]]]}},{"type":"Feature","id":1494405415,"properties":{"osmId":"way/1494405415","name":null,"building":"yes","levels":null,"wheelchair":null,"inAcademicArea":false,"entrances":0},"geometry":{"type":"Polygon","coordinates":[[[80.2244936,26.5124182],[80.2244922,26.512323],[80.2244155,26.5123261],[80.2244145,26.5122953],[80.2243828,26.5122958],[80.2243809,26.5123254],[80.2243044,26.5123262],[80.2243031,26.5124185],[80.2244936,26.5124182]]]}},{"type":"Feature","id":1494405416,"properties":{"osmId":"way/1494405416","name":null,"building":"yes","levels":null,"wheelchair":null,"inAcademicArea":false,"entrances":0},"geometry":{"type":"Polygon","coordinates":[[[80.2259782,26.5123284],[80.2259782,26.5121477],[80.226037,26.5121569],[80.2262849,26.5121592],[80.2262797,26.5123352],[80.2259782,26.5123284]]]}},{"type":"Feature","id":1495660224,"properties":{"osmId":"way/1495660224","name":null,"building":"yes","levels":null,"wheelchair":null,"inAcademicArea":false,"entrances":0},"geometry":{"type":"Polygon","coordinates":[[[80.2271373,26.5107931],[80.227135,26.5106887],[80.2273061,26.5106882],[80.2273053,26.5107961],[80.2271373,26.5107931]]]}},{"type":"Feature","id":203657904,"properties":{"osmId":"way/203657904","name":null,"building":"yes","levels":null,"wheelchair":null,"inAcademicArea":false,"entrances":0},"geometry":{"type":"Polygon","coordinates":[[[80.2270443,26.5126077],[80.2270455,26.5125223],[80.2272432,26.5125246],[80.2272419,26.51261],[80.2270443,26.5126077]]]}},{"type":"Feature","id":203657911,"properties":{"osmId":"way/203657911","name":null,"building":"yes","levels":null,"wheelchair":null,"inAcademicArea":false,"entrances":0},"geometry":{"type":"Polygon","coordinates":[[[80.2272629,26.5126064],[80.2272642,26.512521],[80.2274618,26.5125233],[80.2274606,26.5126087],[80.2272629,26.5126064]]]}},{"type":"Feature","id":268050273,"properties":{"osmId":"way/268050273","name":null,"building":"yes","levels":null,"wheelchair":null,"inAcademicArea":false,"entrances":0},"geometry":{"type":"Polygon","coordinates":[[[80.2269097,26.5126198],[80.2266779,26.512737],[80.2265646,26.5125517],[80.226807,26.5124346],[80.2269097,26.5126198]]]}},{"type":"Feature","id":383014549,"properties":{"osmId":"way/383014549","name":"Hall 2 Block G","building":"dormitory","levels":"3","wheelchair":null,"inAcademicArea":false,"entrances":0},"geometry":{"type":"Polygon","coordinates":[[[80.2290815,26.5112993],[80.2296735,26.5113074],[80.229675,26.5112192],[80.229083,26.5112112],[80.2290815,26.5112993]]]}},{"type":"Feature","id":383015318,"properties":{"osmId":"way/383015318","name":"Hall 2 Block A","building":"dormitory","levels":"3","wheelchair":null,"inAcademicArea":false,"entrances":0},"geometry":{"type":"Polygon","coordinates":[[[80.2290997,26.5110722],[80.2296754,26.5110782],[80.2296766,26.5109879],[80.2291009,26.5109821],[80.2290997,26.5110722]]]}},{"type":"Feature","id":383018190,"properties":{"osmId":"way/383018190","name":"Hall 2 Block F","building":"dormitory","levels":"3","wheelchair":null,"inAcademicArea":false,"entrances":0},"geometry":{"type":"Polygon","coordinates":[[[80.2290999,26.5103936],[80.2296812,26.5103942],[80.2296814,26.5102998],[80.2291001,26.5102992],[80.2290999,26.5103936]]]}},{"type":"Feature","id":1161607387,"properties":{"osmId":"way/1161607387","name":"Hall 3 Block 1","building":"dormitory","levels":null,"wheelchair":null,"inAcademicArea":false,"entrances":0},"geometry":{"type":"Polygon","coordinates":[[[80.2291101,26.508815],[80.2291102,26.5087521],[80.2296674,26.5087529],[80.2296673,26.508816],[80.2291101,26.508815]]]}},{"type":"Feature","id":1161607388,"properties":{"osmId":"way/1161607388","name":"Hall 3 Block 7","building":"dormitory","levels":null,"wheelchair":null,"inAcademicArea":false,"entrances":0},"geometry":{"type":"Polygon","coordinates":[[[80.2291031,26.5090558],[80.2291039,26.5089809],[80.2296719,26.5089854],[80.2296712,26.5090601],[80.2291031,26.5090558]]]}},{"type":"Feature","id":1161607389,"properties":{"osmId":"way/1161607389","name":"Hall 3 Block 6","building":"dormitory","levels":null,"wheelchair":null,"inAcademicArea":false,"entrances":0},"geometry":{"type":"Polygon","coordinates":[[[80.2291202,26.5081369],[80.2291206,26.5080661],[80.2296751,26.5080688],[80.2296747,26.5081395],[80.2291202,26.5081369]]]}},{"type":"Feature","id":1161607394,"properties":{"osmId":"way/1161607394","name":null,"building":"yes","levels":null,"wheelchair":null,"inAcademicArea":false,"entrances":0},"geometry":{"type":"Polygon","coordinates":[[[80.2290736,26.5080472],[80.2290724,26.5079813],[80.2291993,26.5079796],[80.2292005,26.5080454],[80.2290736,26.5080472]]]}},{"type":"Feature","id":203657906,"properties":{"osmId":"way/203657906","name":null,"building":"yes","levels":null,"wheelchair":null,"inAcademicArea":false,"entrances":0},"geometry":{"type":"Polygon","coordinates":[[[80.2279464,26.5131934],[80.2279011,26.5131464],[80.2280114,26.5130614],[80.2280567,26.5131084],[80.2279464,26.5131934]]]}},{"type":"Feature","id":203657907,"properties":{"osmId":"way/203657907","name":null,"building":"yes","levels":null,"wheelchair":null,"inAcademicArea":false,"entrances":0},"geometry":{"type":"Polygon","coordinates":[[[80.2280811,26.5132202],[80.2280557,26.5131931],[80.2281045,26.5131564],[80.2281299,26.5131835],[80.2280811,26.5132202]]]}},{"type":"Feature","id":643878076,"properties":{"osmId":"way/643878076","name":null,"building":"yes","levels":null,"wheelchair":null,"inAcademicArea":false,"entrances":0},"geometry":{"type":"Polygon","coordinates":[[[80.2242001,26.5130509],[80.2241963,26.5129783],[80.224457,26.5129747],[80.2244589,26.5129428],[80.2245231,26.5129388],[80.224519,26.5130519],[80.2242001,26.5130509]]]}},{"type":"Feature","id":643878077,"properties":{"osmId":"way/643878077","name":null,"building":"yes","levels":null,"wheelchair":null,"inAcademicArea":false,"entrances":0},"geometry":{"type":"Polygon","coordinates":[[[80.2245965,26.5129818],[80.2245985,26.5129157],[80.22492,26.5129115],[80.224918,26.5129823],[80.2245965,26.5129818]]]}},{"type":"Feature","id":643878078,"properties":{"osmId":"way/643878078","name":null,"building":"yes","levels":null,"wheelchair":null,"inAcademicArea":false,"entrances":0},"geometry":{"type":"Polygon","coordinates":[[[80.2249399,26.5130582],[80.2249407,26.5129886],[80.2252734,26.5129914],[80.2252726,26.513061],[80.2249399,26.5130582]]]}},{"type":"Feature","id":643878079,"properties":{"osmId":"way/643878079","name":null,"building":"yes","levels":null,"wheelchair":null,"inAcademicArea":false,"entrances":0},"geometry":{"type":"Polygon","coordinates":[[[80.2253852,26.512981],[80.2253859,26.5129114],[80.2257186,26.5129142],[80.2257179,26.5129838],[80.2253852,26.512981]]]}},{"type":"Feature","id":643878080,"properties":{"osmId":"way/643878080","name":null,"building":"yes","levels":null,"wheelchair":null,"inAcademicArea":false,"entrances":0},"geometry":{"type":"Polygon","coordinates":[[[80.2259121,26.5130624],[80.2259128,26.5129928],[80.2262455,26.5129956],[80.2262448,26.5130652],[80.2259121,26.5130624]]]}},{"type":"Feature","id":643878081,"properties":{"osmId":"way/643878081","name":null,"building":"yes","levels":null,"wheelchair":null,"inAcademicArea":false,"entrances":0},"geometry":{"type":"Polygon","coordinates":[[[80.2249415,26.5132856],[80.2249422,26.513216],[80.2252749,26.5132188],[80.2252742,26.5132884],[80.2249415,26.5132856]]]}},{"type":"Feature","id":643878082,"properties":{"osmId":"way/643878082","name":null,"building":"yes","levels":null,"wheelchair":null,"inAcademicArea":false,"entrances":0},"geometry":{"type":"Polygon","coordinates":[[[80.2246861,26.5133597],[80.2246934,26.5132878],[80.2249296,26.5132947],[80.2249269,26.5133602],[80.2246861,26.5133597]]]}},{"type":"Feature","id":643878083,"properties":{"osmId":"way/643878083","name":null,"building":"yes","levels":null,"wheelchair":null,"inAcademicArea":false,"entrances":0},"geometry":{"type":"Polygon","coordinates":[[[80.2241959,26.5132856],[80.2241966,26.5132086],[80.2244661,26.5132163],[80.224469,26.5132884],[80.2241959,26.5132856]]]}},{"type":"Feature","id":643878084,"properties":{"osmId":"way/643878084","name":null,"building":"yes","levels":null,"wheelchair":null,"inAcademicArea":false,"entrances":0},"geometry":{"type":"Polygon","coordinates":[[[80.2241992,26.5137178],[80.2241988,26.5136512],[80.2245192,26.5136505],[80.2245224,26.5137241],[80.2241992,26.5137178]]]}},{"type":"Feature","id":643878085,"properties":{"osmId":"way/643878085","name":null,"building":"yes","levels":null,"wheelchair":null,"inAcademicArea":false,"entrances":0},"geometry":{"type":"Polygon","coordinates":[[[80.2246252,26.5136573],[80.224626,26.5135885],[80.2246877,26.5135783],[80.2246917,26.5135189],[80.2248727,26.513523],[80.224872,26.5135805],[80.224922,26.513584],[80.224924,26.5136567],[80.2246252,26.5136573]]]}},{"type":"Feature","id":643878086,"properties":{"osmId":"way/643878086","name":null,"building":"yes","levels":null,"wheelchair":null,"inAcademicArea":false,"entrances":0},"geometry":{"type":"Polygon","coordinates":[[[80.224943,26.5137254],[80.2249438,26.5136558],[80.2252765,26.5136586],[80.2252757,26.5137282],[80.224943,26.5137254]]]}},{"type":"Feature","id":643878087,"properties":{"osmId":"way/643878087","name":null,"building":"yes","levels":null,"wheelchair":null,"inAcademicArea":false,"entrances":0},"geometry":{"type":"Polygon","coordinates":[[[80.2241914,26.5139609],[80.2241929,26.5138796],[80.2245322,26.5138888],[80.2245301,26.5139637],[80.2241914,26.5139609]]]}},{"type":"Feature","id":643878088,"properties":{"osmId":"way/643878088","name":null,"building":"yes","levels":null,"wheelchair":null,"inAcademicArea":false,"entrances":0},"geometry":{"type":"Polygon","coordinates":[[[80.2245858,26.5140324],[80.2245898,26.5139587],[80.2249192,26.5139645],[80.2249172,26.5140352],[80.2245858,26.5140324]]]}},{"type":"Feature","id":643878089,"properties":{"osmId":"way/643878089","name":null,"building":"yes","levels":null,"wheelchair":null,"inAcademicArea":false,"entrances":0},"geometry":{"type":"Polygon","coordinates":[[[80.2249796,26.513971],[80.2249816,26.5138849],[80.2252795,26.5138971],[80.2252788,26.5139667],[80.2249796,26.513971]]]}},{"type":"Feature","id":1494405412,"properties":{"osmId":"way/1494405412","name":null,"building":"yes","levels":null,"wheelchair":null,"inAcademicArea":false,"entrances":0},"geometry":{"type":"Polygon","coordinates":[[[80.2257255,26.5133699],[80.2257301,26.5132901],[80.2258938,26.5133012],[80.2258922,26.5133761],[80.2258278,26.5133692],[80.2258278,26.5134095],[80.2257674,26.5134123],[80.2257704,26.513372],[80.2257255,26.5133699]]]}},{"type":"Feature","id":1494405413,"properties":{"osmId":"way/1494405413","name":null,"building":"yes","levels":null,"wheelchair":null,"inAcademicArea":false,"entrances":0},"geometry":{"type":"Polygon","coordinates":[[[80.2256308,26.5133755],[80.2256254,26.5132964],[80.2254656,26.513297],[80.2254625,26.5133741],[80.2256308,26.5133755]]]}},{"type":"Feature","id":1495660225,"properties":{"osmId":"way/1495660225","name":null,"building":"yes","levels":null,"wheelchair":null,"inAcademicArea":false,"entrances":0},"geometry":{"type":"Polygon","coordinates":[[[80.2231288,26.5131509],[80.2232594,26.5130683],[80.223227,26.5130138],[80.223277,26.5129936],[80.2233173,26.5130024],[80.2233359,26.5129383],[80.2232829,26.5129365],[80.2232554,26.5129014],[80.2233281,26.5128592],[80.2232338,26.5127257],[80.2231062,26.5127924],[80.2230581,26.5127283],[80.2229403,26.5128023],[80.2230198,26.5128954],[80.223011,26.5129271],[80.2228971,26.5129806],[80.2229717,26.5130869],[80.2230561,26.5130447],[80.2231288,26.5131509]]]}},{"type":"Feature","id":1495660226,"properties":{"osmId":"way/1495660226","name":null,"building":"yes","levels":null,"wheelchair":null,"inAcademicArea":false,"entrances":0},"geometry":{"type":"Polygon","coordinates":[[[80.2234187,26.512805],[80.2234172,26.5127187],[80.2234914,26.5127196],[80.2234904,26.5128072],[80.2234187,26.512805]]]}},{"type":"Feature","id":1495660227,"properties":{"osmId":"way/1495660227","name":null,"building":"yes","levels":null,"wheelchair":null,"inAcademicArea":false,"entrances":0},"geometry":{"type":"Polygon","coordinates":[[[80.2237399,26.5133767],[80.2237864,26.5133736],[80.2237857,26.5134],[80.2238638,26.5133963],[80.2238652,26.5133786],[80.2239025,26.5133736],[80.2239068,26.5132816],[80.2238589,26.5132797],[80.2238582,26.5132602],[80.2237906,26.5132659],[80.2237892,26.5132993],[80.2237428,26.5133037],[80.2237399,26.5133767]]]}},{"type":"Feature","id":268050278,"properties":{"osmId":"way/268050278","name":"Old Lecture Hall Complex","building":"university","levels":"2","wheelchair":null,"inAcademicArea":true,"entrances":0},"geometry":{"type":"Polygon","coordinates":[[[80.2331066,26.5110055],[80.2331266,26.5109647],[80.2331908,26.5109116],[80.2331508,26.5108728],[80.2331238,26.5108951],[80.2330879,26.5108604],[80.2331668,26.5107953],[80.2332095,26.5108366],[80.2332294,26.5108201],[80.2332714,26.5108431],[80.2333293,26.5108256],[80.2334062,26.5108172],[80.2334221,26.5109334],[80.2334501,26.5109934],[80.2335059,26.5110496],[80.2335587,26.5111031],[80.233606,26.5111505],[80.2336093,26.5111722],[80.2335556,26.5112189],[80.2335458,26.5112317],[80.2335889,26.5112694],[80.2335416,26.5113127],[80.2334945,26.5112714],[80.2334235,26.5113365],[80.2333959,26.5113371],[80.2333357,26.5112845],[80.2333351,26.5112628],[80.2333481,26.511252],[80.2333186,26.5112236],[80.2332941,26.5112433],[80.2332244,26.5111777],[80.233223,26.5111863],[80.2331782,26.5112265],[80.2332252,26.5113207],[80.2332469,26.511386],[80.2332498,26.5114337],[80.2333048,26.5114363],[80.2333025,26.5114744],[80.2332478,26.5114718],[80.2332447,26.5115257],[80.2332264,26.5115966],[80.2330929,26.511569],[80.2329795,26.511546],[80.2330589,26.5117319],[80.232988,26.5117562],[80.2329341,26.5117628],[80.2328706,26.5117622],[80.2327986,26.5117516],[80.2327427,26.5117306],[80.2327773,26.511657],[80.2328301,26.5115471],[80.2327036,26.5115617],[80.2325705,26.5115778],[80.2325547,26.5114729],[80.2324933,26.5114708],[80.2324952,26.5114285],[80.232556,26.5114306],[80.2325584,26.5113766],[80.2325768,26.5113262],[80.23269,26.5113594],[80.2327771,26.5112944],[80.2327134,26.5111413],[80.2327713,26.5111221],[80.2328214,26.5111158],[80.2328849,26.5111166],[80.2328857,26.511065],[80.2329256,26.5110655],[80.2329248,26.5111188],[80.2329857,26.5111195],[80.2330944,26.5111521],[80.2331155,26.5111571],[80.2331619,26.5111544],[80.2332356,26.5110812],[80.2331349,26.5110762],[80.2331057,26.511069],[80.2331066,26.5110055]]]}},{"type":"Feature","id":268050281,"properties":{"osmId":"way/268050281","name":"Cafe Coffee Day","building":"yes","levels":null,"wheelchair":null,"inAcademicArea":true,"entrances":0},"geometry":{"type":"Polygon","coordinates":[[[80.2342207,26.5120739],[80.2343817,26.5120761],[80.2343851,26.5118717],[80.2342241,26.5118695],[80.2342207,26.5120739]]]}},{"type":"Feature","id":268050282,"properties":{"osmId":"way/268050282","name":"Southern Labs","building":"university","levels":null,"wheelchair":null,"inAcademicArea":true,"entrances":0},"geometry":{"type":"Polygon","coordinates":[[[80.234198,26.5118557],[80.2342031,26.5116093],[80.2345443,26.5116104],[80.234542,26.5110779],[80.2352118,26.5110785],[80.2351894,26.5119311],[80.2350313,26.5119282],[80.2350288,26.5120387],[80.2347473,26.5120336],[80.2345901,26.5120307],[80.2345943,26.5118628],[80.234198,26.5118557]]]}},{"type":"Feature","id":268061984,"properties":{"osmId":"way/268061984","name":"Advanced Centre For Materials Science","building":"university","levels":null,"wheelchair":null,"inAcademicArea":true,"entrances":0},"geometry":{"type":"Polygon","coordinates":[[[80.2310407,26.5116021],[80.2310522,26.5112118],[80.2311635,26.5112144],[80.2311613,26.5112915],[80.2315948,26.5113017],[80.2315973,26.5112131],[80.2317196,26.511216],[80.2317041,26.511751],[80.2315658,26.5117478],[80.2315731,26.5114946],[80.2314296,26.5114912],[80.2314186,26.5118732],[80.2313022,26.5118705],[80.2313132,26.5114926],[80.2311536,26.5114888],[80.2311502,26.5116046],[80.2310407,26.5116021]]]}},{"type":"Feature","id":315780951,"properties":{"osmId":"way/315780951","name":"Samtel Centre for Display Technologies","building":"university","levels":null,"wheelchair":null,"inAcademicArea":true,"entrances":0},"geometry":{"type":"Polygon","coordinates":[[[80.2318835,26.5118671],[80.2318727,26.511616],[80.2321286,26.5116073],[80.2322483,26.5116946],[80.2322567,26.5118933],[80.2321177,26.511898],[80.2321161,26.5118591],[80.2318835,26.5118671]]]}},{"type":"Feature","id":376451965,"properties":{"osmId":"way/376451965","name":"Electric Substation No 5","building":"yes","levels":null,"wheelchair":null,"inAcademicArea":false,"entrances":0},"geometry":{"type":"Polygon","coordinates":[[[80.2296847,26.5075429],[80.2297784,26.5075443],[80.2297786,26.5075339],[80.2298406,26.5075349],[80.2298426,26.5074277],[80.2298056,26.5074271],[80.2298064,26.507384],[80.2296849,26.5073822],[80.2296841,26.5074248],[80.2296527,26.5074243],[80.2296515,26.5074887],[80.2296857,26.5074892],[80.2296847,26.5075429]]]}},{"type":"Feature","id":383013949,"properties":{"osmId":"way/383013949","name":"Hall 2 Block B","building":"dormitory","levels":"3","wheelchair":null,"inAcademicArea":true,"entrances":0},"geometry":{"type":"Polygon","coordinates":[[[80.2296572,26.5111985],[80.2303744,26.5112041],[80.2303752,26.5111152],[80.229658,26.5111098],[80.2296572,26.5111985]]]}},{"type":"Feature","id":383016139,"properties":{"osmId":"way/383016139","name":"Hall 2 Block C","building":"dormitory","levels":"3","wheelchair":null,"inAcademicArea":true,"entrances":0},"geometry":{"type":"Polygon","coordinates":[[[80.2301579,26.5110423],[80.2302652,26.5110421],[80.2302644,26.5105741],[80.2301572,26.5105742],[80.2301579,26.5110423]]]}},{"type":"Feature","id":383018469,"properties":{"osmId":"way/383018469","name":"Hall 2 Block E","building":"dormitory","levels":"3","wheelchair":null,"inAcademicArea":true,"entrances":0},"geometry":{"type":"Polygon","coordinates":[[[80.2296879,26.5102514],[80.2302681,26.5102494],[80.2302677,26.5101559],[80.2296875,26.510158],[80.2296879,26.5102514]]]}},{"type":"Feature","id":383019229,"properties":{"osmId":"way/383019229","name":"Hall 2 Block D","building":"dormitory","levels":"3","wheelchair":null,"inAcademicArea":true,"entrances":0},"geometry":{"type":"Polygon","coordinates":[[[80.2302814,26.5106075],[80.2303928,26.5106072],[80.2303883,26.5101232],[80.2302887,26.5101215],[80.2302814,26.5106075]]]}},{"type":"Feature","id":1060146288,"properties":{"osmId":"way/1060146288","name":"Faculty Building Annexe","building":"university","levels":null,"wheelchair":"yes","inAcademicArea":true,"entrances":0},"geometry":{"type":"Polygon","coordinates":[[[80.2348096,26.5124839],[80.235211,26.5124824],[80.2352089,26.5120155],[80.2348074,26.5120169],[80.2348096,26.5124839]]]}},{"type":"Feature","id":1090937351,"properties":{"osmId":"way/1090937351","name":"Outreach Auditorium","building":"yes","levels":null,"wheelchair":null,"inAcademicArea":true,"entrances":0},"geometry":{"type":"Polygon","coordinates":[[[80.2344301,26.509371],[80.2344525,26.5093755],[80.2347022,26.5093457],[80.2347662,26.5092871],[80.2347022,26.5088404],[80.2345859,26.5088433],[80.2345417,26.508933],[80.2345282,26.5090742],[80.2343913,26.5092018],[80.2344301,26.509371]]]}},{"type":"Feature","id":1131208303,"properties":{"osmId":"way/1131208303","name":"Security Control Room","building":"yes","levels":null,"wheelchair":null,"inAcademicArea":true,"entrances":0},"geometry":{"type":"Polygon","coordinates":[[[80.2303408,26.5117436],[80.2305651,26.5117434],[80.2305763,26.5115601],[80.2303489,26.5115583],[80.2303408,26.5117436]]]}},{"type":"Feature","id":1131622792,"properties":{"osmId":"way/1131622792","name":"National Centre for Flexible Electronics","building":"university","levels":null,"wheelchair":null,"inAcademicArea":true,"entrances":0},"geometry":{"type":"Polygon","coordinates":[[[80.2309365,26.5121868],[80.2311075,26.5121862],[80.2311063,26.5119338],[80.2312634,26.5119332],[80.2312622,26.5116581],[80.2309341,26.5116593],[80.2309365,26.5121868]]]}},{"type":"Feature","id":1131994408,"properties":{"osmId":"way/1131994408","name":"Electrical Maintenance Office (Hostel Area)","building":"yes","levels":null,"wheelchair":null,"inAcademicArea":false,"entrances":0},"geometry":{"type":"Polygon","coordinates":[[[80.2349158,26.5085597],[80.2349199,26.5083418],[80.2351772,26.5083457],[80.2351732,26.5085636],[80.2349158,26.5085597]]]}},{"type":"Feature","id":1135339096,"properties":{"osmId":"way/1135339096","name":"New Lecture Hall Complex","building":"university","levels":"3","wheelchair":null,"inAcademicArea":true,"entrances":0},"geometry":{"type":"Polygon","coordinates":[[[80.2332987,26.5107355],[80.2333533,26.5107608],[80.2334828,26.5107924],[80.2335442,26.5107947],[80.2336117,26.5107977],[80.2337082,26.5107947],[80.2338551,26.5107492],[80.2339605,26.510891],[80.2340531,26.5109738],[80.2341964,26.5110455],[80.2343501,26.5110802],[80.2344223,26.5110676],[80.2344653,26.5106918],[80.2343521,26.5106523],[80.2342712,26.5105838],[80.2340803,26.5106925],[80.2340016,26.5105819],[80.2338175,26.5106908],[80.2337469,26.5105828],[80.2336124,26.5106125],[80.2335442,26.5106171],[80.2334088,26.5105802],[80.2332987,26.5107355]]]}},{"type":"Feature","id":1135345960,"properties":{"osmId":"way/1135345960","name":null,"building":"university","levels":null,"wheelchair":null,"inAcademicArea":true,"entrances":0},"geometry":{"type":"Polygon","coordinates":[[[80.2346489,26.5103475],[80.2347972,26.5103486],[80.2347987,26.5101714],[80.2346505,26.5101704],[80.2346489,26.5103475]]]}},{"type":"Feature","id":1135345961,"properties":{"osmId":"way/1135345961","name":null,"building":"university","levels":null,"wheelchair":null,"inAcademicArea":true,"entrances":0},"geometry":{"type":"Polygon","coordinates":[[[80.2342071,26.5103142],[80.2345361,26.5103091],[80.2345337,26.5101838],[80.2342046,26.5101888],[80.2342071,26.5103142]]]}},{"type":"Feature","id":1135345962,"properties":{"osmId":"way/1135345962","name":null,"building":"university","levels":null,"wheelchair":null,"inAcademicArea":true,"entrances":0},"geometry":{"type":"Polygon","coordinates":[[[80.234216,26.5101445],[80.2343542,26.5101447],[80.2343548,26.5098537],[80.2342167,26.5098534],[80.234216,26.5101445]]]}},{"type":"Feature","id":1135345963,"properties":{"osmId":"way/1135345963","name":null,"building":"university","levels":null,"wheelchair":null,"inAcademicArea":true,"entrances":0},"geometry":{"type":"Polygon","coordinates":[[[80.2342419,26.5098171],[80.2344379,26.5098168],[80.2344377,26.5096674],[80.2342417,26.5096676],[80.2342419,26.5098171]]]}},{"type":"Feature","id":1135345964,"properties":{"osmId":"way/1135345964","name":null,"building":"university","levels":null,"wheelchair":null,"inAcademicArea":true,"entrances":0},"geometry":{"type":"Polygon","coordinates":[[[80.2344837,26.5096338],[80.2346239,26.5096359],[80.2346281,26.5094068],[80.2344879,26.5094047],[80.2344837,26.5096338]]]}},{"type":"Feature","id":1135345965,"properties":{"osmId":"way/1135345965","name":null,"building":"yes","levels":null,"wheelchair":null,"inAcademicArea":false,"entrances":0},"geometry":{"type":"Polygon","coordinates":[[[80.2347648,26.5084869],[80.2348601,26.5084866],[80.2348604,26.5083302],[80.2347683,26.5083209],[80.2347648,26.5084869]]]}},{"type":"Feature","id":1137755507,"properties":{"osmId":"way/1137755507","name":"Lecture Hall 16","building":"university","levels":null,"wheelchair":null,"inAcademicArea":true,"entrances":0},"geometry":{"type":"Polygon","coordinates":[[[80.2332987,26.5107355],[80.2333533,26.5107608],[80.2334828,26.5107924],[80.2335442,26.5107947],[80.2335442,26.5106171],[80.2334088,26.5105802],[80.2332987,26.5107355]]]}},{"type":"Feature","id":1137755508,"properties":{"osmId":"way/1137755508","name":"Lecture Hall 17","building":"university","levels":null,"wheelchair":null,"inAcademicArea":true,"entrances":0},"geometry":{"type":"Polygon","coordinates":[[[80.2336117,26.5107977],[80.2337082,26.5107947],[80.2338551,26.5107492],[80.2337469,26.5105828],[80.2336124,26.5106125],[80.2336117,26.5107977]]]}},{"type":"Feature","id":1143854836,"properties":{"osmId":"way/1143854836","name":"Lecture Hall 7","building":"university","levels":null,"wheelchair":null,"inAcademicArea":true,"entrances":0},"geometry":{"type":"Polygon","coordinates":[[[80.2327427,26.5117306],[80.2327986,26.5117516],[80.2328706,26.5117622],[80.2329341,26.5117628],[80.232988,26.5117562],[80.2330589,26.5117319],[80.2329795,26.511546],[80.2328301,26.5115471],[80.2327773,26.511657],[80.2327427,26.5117306]]]}},{"type":"Feature","id":1143854837,"properties":{"osmId":"way/1143854837","name":"Lecture Hall 5","building":"university","levels":null,"wheelchair":null,"inAcademicArea":true,"entrances":0},"geometry":{"type":"Polygon","coordinates":[[[80.2325705,26.5115778],[80.2327036,26.5115617],[80.2326854,26.5114649],[80.2325547,26.5114729],[80.2325705,26.5115778]]]}},{"type":"Feature","id":1143854838,"properties":{"osmId":"way/1143854838","name":"Lecture Hall 6","building":"university","levels":null,"wheelchair":null,"inAcademicArea":true,"entrances":0},"geometry":{"type":"Polygon","coordinates":[[[80.232556,26.5114306],[80.232674,26.5114306],[80.23269,26.5113594],[80.2325768,26.5113262],[80.2325584,26.5113766],[80.232556,26.5114306]]]}},{"type":"Feature","id":1143854839,"properties":{"osmId":"way/1143854839","name":"Lecture Hall 1","building":"university","levels":null,"wheelchair":null,"inAcademicArea":true,"entrances":0},"geometry":{"type":"Polygon","coordinates":[[[80.2327771,26.5112944],[80.2327134,26.5111413],[80.2327713,26.5111221],[80.2328214,26.5111158],[80.2328849,26.5111166],[80.2328817,26.5112855],[80.2327771,26.5112944]]]}},{"type":"Feature","id":1143854840,"properties":{"osmId":"way/1143854840","name":"Lecture Hall 2","building":"university","levels":null,"wheelchair":null,"inAcademicArea":true,"entrances":0},"geometry":{"type":"Polygon","coordinates":[[[80.2329248,26.5111188],[80.2329192,26.5112815],[80.2330239,26.511296],[80.2330944,26.5111521],[80.2329857,26.5111195],[80.2329248,26.5111188]]]}},{"type":"Feature","id":1143854841,"properties":{"osmId":"way/1143854841","name":"Lecture Hall 3","building":"university","levels":null,"wheelchair":null,"inAcademicArea":true,"entrances":0},"geometry":{"type":"Polygon","coordinates":[[[80.2332498,26.5114337],[80.2332469,26.511386],[80.2332252,26.5113207],[80.2331064,26.5113508],[80.2331188,26.5114345],[80.2332498,26.5114337]]]}},{"type":"Feature","id":1143854842,"properties":{"osmId":"way/1143854842","name":"Lecture Hall 4","building":"university","levels":null,"wheelchair":null,"inAcademicArea":true,"entrances":0},"geometry":{"type":"Polygon","coordinates":[[[80.2332264,26.5115966],[80.2332447,26.5115257],[80.2332478,26.5114718],[80.2331125,26.5114689],[80.2330929,26.511569],[80.2332264,26.5115966]]]}},{"type":"Feature","id":1143854843,"properties":{"osmId":"way/1143854843","name":"Lecture Hall 14","building":"university","levels":null,"wheelchair":null,"inAcademicArea":true,"entrances":0},"geometry":{"type":"Polygon","coordinates":[[[80.2332356,26.5110812],[80.2331349,26.5110762],[80.2331057,26.511069],[80.2331066,26.5110055],[80.2331266,26.5109647],[80.2331908,26.5109116],[80.2333029,26.5110184],[80.2332356,26.5110812]]]}},{"type":"Feature","id":1143854844,"properties":{"osmId":"way/1143854844","name":"Lecture Hall 15","building":"university","levels":null,"wheelchair":null,"inAcademicArea":true,"entrances":0},"geometry":{"type":"Polygon","coordinates":[[[80.2333432,26.5109901],[80.233226,26.5108855],[80.2332714,26.5108431],[80.2333293,26.5108256],[80.2334062,26.5108172],[80.2334221,26.5109334],[80.2333432,26.5109901]]]}},{"type":"Feature","id":1158746039,"properties":{"osmId":"way/1158746039","name":"Electric Substation No 1","building":"yes","levels":null,"wheelchair":null,"inAcademicArea":true,"entrances":0},"geometry":{"type":"Polygon","coordinates":[[[80.2301855,26.5121205],[80.2301836,26.5119649],[80.2305926,26.5119609],[80.2305945,26.5121165],[80.2301855,26.5121205]]]}},{"type":"Feature","id":1160854067,"properties":{"osmId":"way/1160854067","name":"Old Sports Complex Gym","building":"yes","levels":null,"wheelchair":null,"inAcademicArea":false,"entrances":0},"geometry":{"type":"Polygon","coordinates":[[[80.2316263,26.5086293],[80.2316253,26.5083651],[80.2310772,26.5083668],[80.2310782,26.508631],[80.2316263,26.5086293]]]}},{"type":"Feature","id":1161607384,"properties":{"osmId":"way/1161607384","name":"Hall 3 Block 4","building":"dormitory","levels":null,"wheelchair":null,"inAcademicArea":false,"entrances":0},"geometry":{"type":"Polygon","coordinates":[[[80.2303258,26.5083317],[80.230327,26.5077626],[80.2304056,26.5077627],[80.2304045,26.5083319],[80.2303258,26.5083317]]]}},{"type":"Feature","id":1161607385,"properties":{"osmId":"way/1161607385","name":"Hall 3 Block 3","building":"dormitory","levels":null,"wheelchair":null,"inAcademicArea":false,"entrances":0},"geometry":{"type":"Polygon","coordinates":[[[80.2301801,26.5088262],[80.2301825,26.5083687],[80.2302651,26.508369],[80.2302629,26.5088265],[80.2301801,26.5088262]]]}},{"type":"Feature","id":1161607386,"properties":{"osmId":"way/1161607386","name":"Hall 3 Block 2","building":"dormitory","levels":null,"wheelchair":null,"inAcademicArea":false,"entrances":0},"geometry":{"type":"Polygon","coordinates":[[[80.2296195,26.5089494],[80.2296192,26.508872],[80.2303868,26.5088692],[80.2303872,26.5089468],[80.2296195,26.5089494]]]}},{"type":"Feature","id":1161607390,"properties":{"osmId":"way/1161607390","name":"Hall 3 Block 5","building":"dormitory","levels":null,"wheelchair":null,"inAcademicArea":false,"entrances":0},"geometry":{"type":"Polygon","coordinates":[[[80.2297134,26.5079982],[80.2297136,26.5079276],[80.2302702,26.5079284],[80.2302701,26.5079991],[80.2297134,26.5079982]]]}},{"type":"Feature","id":1161607391,"properties":{"osmId":"way/1161607391","name":"Hall 3 Mess","building":"yes","levels":null,"wheelchair":null,"inAcademicArea":false,"entrances":0},"geometry":{"type":"Polygon","coordinates":[[[80.2293442,26.5085995],[80.2293418,26.5082838],[80.229686,26.5082818],[80.2296884,26.5085974],[80.2293442,26.5085995]]]}},{"type":"Feature","id":1161607392,"properties":{"osmId":"way/1161607392","name":"Hall 3 Canteen","building":"yes","levels":null,"wheelchair":null,"inAcademicArea":false,"entrances":0},"geometry":{"type":"Polygon","coordinates":[[[80.2298763,26.5087091],[80.2298776,26.5085445],[80.2300738,26.5085458],[80.2300733,26.5086069],[80.2299691,26.5086062],[80.2299682,26.5087097],[80.2298763,26.5087091]]]}},{"type":"Feature","id":1161607393,"properties":{"osmId":"way/1161607393","name":"Hall 3 TV Room","building":"yes","levels":null,"wheelchair":null,"inAcademicArea":false,"entrances":0},"geometry":{"type":"Polygon","coordinates":[[[80.2298824,26.50834],[80.2298796,26.5082146],[80.2299737,26.5082129],[80.2299765,26.5083383],[80.2298824,26.50834]]]}},{"type":"Feature","id":1161611871,"properties":{"osmId":"way/1161611871","name":null,"building":"pavilion","levels":null,"wheelchair":null,"inAcademicArea":false,"entrances":0},"geometry":{"type":"Polygon","coordinates":[[[80.2329613,26.5091334],[80.2330263,26.5091343],[80.2330315,26.5088203],[80.2329666,26.5088194],[80.2329613,26.5091334]]]}},{"type":"Feature","id":1162116097,"properties":{"osmId":"way/1162116097","name":null,"building":"dormitory","levels":"3","wheelchair":null,"inAcademicArea":true,"entrances":0},"geometry":{"type":"Polygon","coordinates":[[[80.2309656,26.5100791],[80.2309665,26.5100077],[80.2311857,26.5100064],[80.231186,26.5099692],[80.2312597,26.5099736],[80.2312614,26.5100102],[80.2317533,26.5100154],[80.2317524,26.5100869],[80.2309656,26.5100791]]]}},{"type":"Feature","id":1162116098,"properties":{"osmId":"way/1162116098","name":null,"building":"dormitory","levels":"3","wheelchair":null,"inAcademicArea":false,"entrances":0},"geometry":{"type":"Polygon","coordinates":[[[80.2309737,26.5098159],[80.2309746,26.5097445],[80.2317614,26.5097522],[80.2317605,26.5098238],[80.2309737,26.5098159]]]}},{"type":"Feature","id":1162116099,"properties":{"osmId":"way/1162116099","name":null,"building":"dormitory","levels":"3","wheelchair":null,"inAcademicArea":false,"entrances":0},"geometry":{"type":"Polygon","coordinates":[[[80.2309678,26.5092113],[80.2309686,26.5091399],[80.2317555,26.5091476],[80.2317546,26.5092191],[80.2309678,26.5092113]]]}},{"type":"Feature","id":1162116100,"properties":{"osmId":"way/1162116100","name":null,"building":"dormitory","levels":"3","wheelchair":null,"inAcademicArea":false,"entrances":0},"geometry":{"type":"Polygon","coordinates":[[[80.2309975,26.5089529],[80.2309984,26.5088815],[80.2317852,26.5088892],[80.2317843,26.5089608],[80.2309975,26.5089529]]]}},{"type":"Feature","id":1162116101,"properties":{"osmId":"way/1162116101","name":null,"building":"dormitory","levels":"3","wheelchair":null,"inAcademicArea":false,"entrances":0},"geometry":{"type":"Polygon","coordinates":[[[80.2318125,26.5088576],[80.231813,26.5087902],[80.2324985,26.5087943],[80.232498,26.5088616],[80.2318125,26.5088576]]]}},{"type":"Feature","id":1162116102,"properties":{"osmId":"way/1162116102","name":null,"building":"dormitory","levels":"3","wheelchair":null,"inAcademicArea":false,"entrances":0},"geometry":{"type":"Polygon","coordinates":[[[80.2317955,26.509086],[80.231796,26.5090186],[80.2324815,26.5090228],[80.232481,26.50909],[80.2317955,26.509086]]]}},{"type":"Feature","id":1162116103,"properties":{"osmId":"way/1162116103","name":null,"building":"dormitory","levels":"3","wheelchair":null,"inAcademicArea":false,"entrances":0},"geometry":{"type":"Polygon","coordinates":[[[80.2317895,26.5099517],[80.23179,26.5098843],[80.2324755,26.5098884],[80.232475,26.5099557],[80.2317895,26.5099517]]]}},{"type":"Feature","id":1162116104,"properties":{"osmId":"way/1162116104","name":"Hall 2 Mess","building":"yes","levels":null,"wheelchair":null,"inAcademicArea":false,"entrances":0},"geometry":{"type":"Polygon","coordinates":[[[80.2293274,26.5108315],[80.2293333,26.5106694],[80.2292549,26.5106742],[80.2292616,26.5105215],[80.2296593,26.5105369],[80.2296612,26.5108299],[80.2293274,26.5108315]]]}},{"type":"Feature","id":1162116105,"properties":{"osmId":"way/1162116105","name":null,"building":"dormitory","levels":"3","wheelchair":null,"inAcademicArea":false,"entrances":0},"geometry":{"type":"Polygon","coordinates":[[[80.2319396,26.5076091],[80.2319398,26.5075192],[80.2324552,26.5075202],[80.232455,26.5076103],[80.2319396,26.5076091]]]}},{"type":"Feature","id":1162116106,"properties":{"osmId":"way/1162116106","name":null,"building":"dormitory","levels":"3","wheelchair":null,"inAcademicArea":false,"entrances":0},"geometry":{"type":"Polygon","coordinates":[[[80.2319469,26.5073871],[80.2319472,26.5072971],[80.2324626,26.5072982],[80.2324624,26.5073882],[80.2319469,26.5073871]]]}},{"type":"Feature","id":1162116107,"properties":{"osmId":"way/1162116107","name":null,"building":"dormitory","levels":"3","wheelchair":null,"inAcademicArea":false,"entrances":0},"geometry":{"type":"Polygon","coordinates":[[[80.2319469,26.5068301],[80.2319472,26.5067402],[80.2324626,26.5067412],[80.2324624,26.5068313],[80.2319469,26.5068301]]]}},{"type":"Feature","id":1162116108,"properties":{"osmId":"way/1162116108","name":null,"building":"dormitory","levels":"3","wheelchair":null,"inAcademicArea":false,"entrances":0},"geometry":{"type":"Polygon","coordinates":[[[80.2319545,26.5066175],[80.2319547,26.5065275],[80.2324702,26.5065286],[80.2324699,26.5066186],[80.2319545,26.5066175]]]}},{"type":"Feature","id":1162116109,"properties":{"osmId":"way/1162116109","name":null,"building":"dormitory","levels":"3","wheelchair":null,"inAcademicArea":false,"entrances":0},"geometry":{"type":"Polygon","coordinates":[[[80.2319583,26.5063913],[80.2319585,26.5063014],[80.2324739,26.5063024],[80.2324737,26.5063925],[80.2319583,26.5063913]]]}},{"type":"Feature","id":1162116110,"properties":{"osmId":"way/1162116110","name":null,"building":"dormitory","levels":"3","wheelchair":null,"inAcademicArea":false,"entrances":0},"geometry":{"type":"Polygon","coordinates":[[[80.2312605,26.506496],[80.2312607,26.506406],[80.2317761,26.5064071],[80.2317759,26.5064971],[80.2312605,26.506496]]]}},{"type":"Feature","id":1162116111,"properties":{"osmId":"way/1162116111","name":null,"building":"dormitory","levels":"3","wheelchair":null,"inAcademicArea":false,"entrances":0},"geometry":{"type":"Polygon","coordinates":[[[80.2312567,26.5067221],[80.2312569,26.5066322],[80.2317724,26.5066332],[80.2317721,26.5067233],[80.2312567,26.5067221]]]}},{"type":"Feature","id":1162116112,"properties":{"osmId":"way/1162116112","name":null,"building":"dormitory","levels":"3","wheelchair":null,"inAcademicArea":false,"entrances":0},"geometry":{"type":"Polygon","coordinates":[[[80.2312567,26.507485],[80.2312569,26.507395],[80.2317724,26.5073961],[80.2317721,26.5074861],[80.2312567,26.507485]]]}},{"type":"Feature","id":1162116113,"properties":{"osmId":"way/1162116113","name":null,"building":"dormitory","levels":"3","wheelchair":null,"inAcademicArea":false,"entrances":0},"geometry":{"type":"Polygon","coordinates":[[[80.2312605,26.5077179],[80.2312607,26.5076279],[80.2317761,26.507629],[80.2317759,26.507719],[80.2312605,26.5077179]]]}},{"type":"Feature","id":1167533930,"properties":{"osmId":"way/1167533930","name":"Hall 1 Mess","building":"yes","levels":null,"wheelchair":null,"inAcademicArea":false,"entrances":0},"geometry":{"type":"Polygon","coordinates":[[[80.2317799,26.5096212],[80.2317832,26.5093258],[80.2320729,26.5093286],[80.2320737,26.5093632],[80.2321459,26.5093634],[80.2321475,26.5094063],[80.2322561,26.5094053],[80.2322578,26.509554],[80.2321496,26.5095579],[80.2321513,26.5096575],[80.2320722,26.5096634],[80.2320657,26.5096319],[80.2317799,26.5096212]]]}},{"type":"Feature","id":1453679560,"properties":{"osmId":"way/1453679560","name":null,"building":"yes","levels":null,"wheelchair":null,"inAcademicArea":true,"entrances":0},"geometry":{"type":"Polygon","coordinates":[[[80.2348195,26.5109526],[80.2349279,26.5109555],[80.2349322,26.5108244],[80.2349331,26.5107965],[80.2348247,26.5107936],[80.2348238,26.510822],[80.2348195,26.5109526]]]}},{"type":"Feature","id":1486428403,"properties":{"osmId":"way/1486428403","name":"Starbucks","building":"yes","levels":null,"wheelchair":null,"inAcademicArea":true,"entrances":0},"geometry":{"type":"Polygon","coordinates":[[[80.2348238,26.510822],[80.2348262,26.5107124],[80.2349299,26.5107148],[80.2349322,26.5108244],[80.2348238,26.510822]]]}},{"type":"Feature","id":1486428582,"properties":{"osmId":"way/1486428582","name":"Electronics Club IITK","building":"yes","levels":"1","wheelchair":null,"inAcademicArea":false,"entrances":0},"geometry":{"type":"Polygon","coordinates":[[[80.2297541,26.5083408],[80.2297518,26.5082162],[80.2298796,26.5082146],[80.2298824,26.50834],[80.2297541,26.5083408]]]}},{"type":"Feature","id":1494405402,"properties":{"osmId":"way/1494405402","name":null,"building":"yes","levels":null,"wheelchair":null,"inAcademicArea":false,"entrances":0},"geometry":{"type":"Polygon","coordinates":[[[80.2314398,26.5096238],[80.2314538,26.5093789],[80.2315771,26.5093779],[80.2315739,26.5095057],[80.2316594,26.5095076],[80.231654,26.5096199],[80.2314398,26.5096238]]]}},{"type":"Feature","id":1494405409,"properties":{"osmId":"way/1494405409","name":null,"building":"yes","levels":null,"wheelchair":null,"inAcademicArea":true,"entrances":0},"geometry":{"type":"Polygon","coordinates":[[[80.2309226,26.5109336],[80.230928,26.5106983],[80.23147,26.5106993],[80.2314711,26.5107245],[80.2315436,26.5106864],[80.2317026,26.510661],[80.2317939,26.5106557],[80.2318471,26.510825],[80.2318471,26.5108585],[80.2318695,26.5108685],[80.2318859,26.5108984],[80.2318878,26.5109319],[80.2318688,26.5109519],[80.2318248,26.510966],[80.2317966,26.5109466],[80.2317762,26.5109155],[80.2317795,26.5108914],[80.2317729,26.5108696],[80.2317158,26.5107639],[80.2317072,26.5107827],[80.2316862,26.5107927],[80.2316652,26.5107762],[80.2316783,26.5107568],[80.2315923,26.5107503],[80.2315923,26.5108673],[80.2315627,26.5108691],[80.2315647,26.5109455],[80.2315319,26.5109443],[80.2315378,26.5108726],[80.2314747,26.5108754],[80.2314688,26.510933],[80.2314485,26.5109453],[80.2314215,26.5109349],[80.2309226,26.5109336]]]}},{"type":"Feature","id":1494405410,"properties":{"osmId":"way/1494405410","name":null,"building":"yes","levels":null,"wheelchair":null,"inAcademicArea":false,"entrances":0},"geometry":{"type":"Polygon","coordinates":[[[80.2322311,26.5071776],[80.2322332,26.5069462],[80.2324918,26.5069365],[80.232481,26.5071737],[80.2322311,26.5071776]]]}},{"type":"Feature","id":1494405411,"properties":{"osmId":"way/1494405411","name":null,"building":"yes","levels":null,"wheelchair":null,"inAcademicArea":false,"entrances":0},"geometry":{"type":"Polygon","coordinates":[[[80.2324994,26.5071408],[80.2325578,26.5071369],[80.2327222,26.5071244],[80.2327244,26.507073],[80.2327882,26.5070439],[80.2327763,26.5069762],[80.2327417,26.5069723],[80.2327482,26.5069268],[80.2326065,26.5069287],[80.2326065,26.5069801],[80.2325058,26.5069946],[80.2324994,26.5071408]]]}},{"type":"Feature","id":1494405417,"properties":{"osmId":"way/1494405417","name":null,"building":"yes","levels":null,"wheelchair":null,"inAcademicArea":true,"entrances":0},"geometry":{"type":"Polygon","coordinates":[[[80.2296997,26.5109115],[80.2296997,26.5107778],[80.2300677,26.5107721],[80.2300639,26.5108933],[80.2299527,26.5108886],[80.2299527,26.510947],[80.2298684,26.5109516],[80.2298625,26.5109119],[80.2296997,26.5109115]]]}},{"type":"Feature","id":1494405418,"properties":{"osmId":"way/1494405418","name":null,"building":"yes","levels":null,"wheelchair":null,"inAcademicArea":false,"entrances":0},"geometry":{"type":"Polygon","coordinates":[[[80.2313722,26.5071352],[80.2313721,26.5069745],[80.231483,26.5069827],[80.2314793,26.5071343],[80.2313722,26.5071352]]]}},{"type":"Feature","id":1494405419,"properties":{"osmId":"way/1494405419","name":null,"building":"yes","levels":null,"wheelchair":null,"inAcademicArea":false,"entrances":0},"geometry":{"type":"Polygon","coordinates":[[[80.2313602,26.506972],[80.2313602,26.5068056],[80.2314628,26.5068056],[80.2314592,26.5069688],[80.2313602,26.506972]]]}},{"type":"Feature","id":1494405420,"properties":{"osmId":"way/1494405420","name":null,"building":"yes","levels":null,"wheelchair":null,"inAcademicArea":false,"entrances":0},"geometry":{"type":"Polygon","coordinates":[[[80.2315343,26.5069737],[80.2315324,26.5069007],[80.2318045,26.5068999],[80.2318017,26.506977],[80.2315343,26.5069737]]]}},{"type":"Feature","id":432734885,"properties":{"osmId":"way/432734885","name":null,"building":"residential","levels":"2","wheelchair":null,"inAcademicArea":true,"entrances":0},"geometry":{"type":"Polygon","coordinates":[[[80.2374877,26.5123236],[80.2374887,26.5122347],[80.2376289,26.512236],[80.2377786,26.5122374],[80.2377775,26.5123263],[80.2374877,26.5123236]]]}},{"type":"Feature","id":432735141,"properties":{"osmId":"way/432735141","name":null,"building":"residential","levels":"2","wheelchair":null,"inAcademicArea":true,"entrances":0},"geometry":{"type":"Polygon","coordinates":[[[80.237047,26.5123215],[80.2370487,26.512237],[80.237193,26.5122392],[80.2373376,26.5122415],[80.237336,26.512326],[80.237047,26.5123215]]]}},{"type":"Feature","id":432735142,"properties":{"osmId":"way/432735142","name":null,"building":"residential","levels":"2","wheelchair":null,"inAcademicArea":true,"entrances":0},"geometry":{"type":"Polygon","coordinates":[[[80.2370493,26.5120267],[80.2370493,26.5119376],[80.2373407,26.5119376],[80.2373407,26.5120267],[80.237197,26.5120267],[80.2370493,26.5120267]]]}},{"type":"Feature","id":432735143,"properties":{"osmId":"way/432735143","name":null,"building":"residential","levels":"2","wheelchair":null,"inAcademicArea":true,"entrances":0},"geometry":{"type":"Polygon","coordinates":[[[80.237492,26.5120229],[80.2374947,26.5119413],[80.2377857,26.5119401],[80.2377817,26.5120241],[80.2376302,26.5120235],[80.237492,26.5120229]]]}},{"type":"Feature","id":432740283,"properties":{"osmId":"way/432740283","name":"Kislaya Nursery School","building":"kindergarten","levels":"1","wheelchair":null,"inAcademicArea":true,"entrances":0},"geometry":{"type":"Polygon","coordinates":[[[80.2366021,26.5102944],[80.2365999,26.5100576],[80.2368581,26.5100557],[80.2368603,26.5102926],[80.2366021,26.5102944]]]}},{"type":"Feature","id":432740604,"properties":{"osmId":"way/432740604","name":null,"building":"school","levels":null,"wheelchair":null,"inAcademicArea":true,"entrances":0},"geometry":{"type":"Polygon","coordinates":[[[80.2366862,26.5098384],[80.2366862,26.5097634],[80.236711,26.5097577],[80.2367088,26.5096683],[80.2366862,26.5096615],[80.2366873,26.5095664],[80.2368517,26.5095558],[80.2368485,26.5095991],[80.2368893,26.5095904],[80.2368882,26.5097413],[80.2368463,26.5097404],[80.2368367,26.5098077],[80.2367625,26.5098077],[80.2367625,26.5098404],[80.2366862,26.5098384]]]}},{"type":"Feature","id":432740704,"properties":{"osmId":"way/432740704","name":null,"building":"school","levels":"1","wheelchair":null,"inAcademicArea":true,"entrances":0},"geometry":{"type":"Polygon","coordinates":[[[80.236929,26.5099536],[80.2369283,26.5098491],[80.2371018,26.5098462],[80.2370979,26.5098725],[80.237167,26.5098701],[80.237169,26.5099618],[80.2371253,26.5099641],[80.2371266,26.5100225],[80.2370783,26.5100248],[80.2370796,26.510089],[80.2370001,26.5100919],[80.2370033,26.5101299],[80.2369257,26.5101304],[80.236929,26.5099536]]]}},{"type":"Feature","id":432741609,"properties":{"osmId":"way/432741609","name":"Type 2 Community Centre","building":"yes","levels":null,"wheelchair":null,"inAcademicArea":false,"entrances":0},"geometry":{"type":"Polygon","coordinates":[[[80.2410831,26.5104373],[80.2410893,26.5101535],[80.2413931,26.5101588],[80.2413869,26.5104426],[80.2410831,26.5104373]]]}},{"type":"Feature","id":682695190,"properties":{"osmId":"way/682695190","name":null,"building":"house","levels":null,"wheelchair":null,"inAcademicArea":false,"entrances":0},"geometry":{"type":"Polygon","coordinates":[[[80.2360854,26.5063389],[80.2360881,26.5062268],[80.2361925,26.5062288],[80.2361898,26.506341],[80.2360854,26.5063389]]]}},{"type":"Feature","id":1131619521,"properties":{"osmId":"way/1131619521","name":"Campus D Shop","building":"yes","levels":null,"wheelchair":null,"inAcademicArea":true,"entrances":0},"geometry":{"type":"Polygon","coordinates":[[[80.2359016,26.5118011],[80.235976,26.5118011],[80.235976,26.5117425],[80.2359016,26.5117425],[80.2359016,26.5118011]]]}},{"type":"Feature","id":1131994410,"properties":{"osmId":"way/1131994410","name":null,"building":"university","levels":null,"wheelchair":null,"inAcademicArea":true,"entrances":0},"geometry":{"type":"Polygon","coordinates":[[[80.2358623,26.5095929],[80.2358655,26.509414],[80.2360137,26.5094162],[80.2360106,26.509595],[80.2358623,26.5095929]]]}},{"type":"Feature","id":1135344538,"properties":{"osmId":"way/1135344538","name":null,"building":"residential","levels":null,"wheelchair":null,"inAcademicArea":false,"entrances":4},"geometry":{"type":"Polygon","coordinates":[[[80.2412945,26.5111653],[80.2413921,26.5111659],[80.2413948,26.5108116],[80.2412972,26.510811],[80.2412967,26.5108776],[80.2412961,26.5109536],[80.2412955,26.5110334],[80.2412949,26.5111139],[80.2412945,26.5111653]]]}},{"type":"Feature","id":1135344539,"properties":{"osmId":"way/1135344539","name":null,"building":"residential","levels":null,"wheelchair":null,"inAcademicArea":false,"entrances":4},"geometry":{"type":"Polygon","coordinates":[[[80.2415027,26.5115599],[80.2415927,26.5115601],[80.2415937,26.5112104],[80.2415037,26.5112102],[80.2415036,26.5112626],[80.2415033,26.5113409],[80.2415031,26.5114279],[80.2415028,26.5115118],[80.2415027,26.5115599]]]}},{"type":"Feature","id":1135344540,"properties":{"osmId":"way/1135344540","name":null,"building":"residential","levels":null,"wheelchair":null,"inAcademicArea":false,"entrances":4},"geometry":{"type":"Polygon","coordinates":[[[80.241518,26.5108903],[80.2419137,26.5108952],[80.241915,26.5108174],[80.241859,26.5108167],[80.2417592,26.5108154],[80.2416634,26.5108142],[80.2415836,26.5108132],[80.2415193,26.5108124],[80.241518,26.5108903]]]}},{"type":"Feature","id":1135344541,"properties":{"osmId":"way/1135344541","name":null,"building":"residential","levels":null,"wheelchair":null,"inAcademicArea":false,"entrances":4},"geometry":{"type":"Polygon","coordinates":[[[80.2418121,26.5115651],[80.2419062,26.5115647],[80.2419059,26.5115108],[80.2419055,26.5114373],[80.2419051,26.5113612],[80.2419048,26.5112944],[80.2419043,26.5112127],[80.2418104,26.5112131],[80.2418121,26.5115651]]]}},{"type":"Feature","id":1135344542,"properties":{"osmId":"way/1135344542","name":null,"building":"residential","levels":null,"wheelchair":null,"inAcademicArea":false,"entrances":4},"geometry":{"type":"Polygon","coordinates":[[[80.2420204,26.5111736],[80.2421152,26.5111732],[80.2421149,26.5111082],[80.2421145,26.5110363],[80.2421141,26.5109415],[80.2421137,26.5108649],[80.2421135,26.5108206],[80.2420188,26.5108209],[80.2420204,26.5111736]]]}},{"type":"Feature","id":1137756293,"properties":{"osmId":"way/1137756293","name":"State Bank of India","building":"yes","levels":null,"wheelchair":null,"inAcademicArea":true,"entrances":0},"geometry":{"type":"Polygon","coordinates":[[[80.2367826,26.5117582],[80.2367184,26.5117606],[80.2367147,26.5116826],[80.236613,26.5116865],[80.2366084,26.5115895],[80.2367744,26.5115833],[80.2367826,26.5117582]]]}},{"type":"Feature","id":1144794390,"properties":{"osmId":"way/1144794390","name":"Type 2 Apartments","building":"residential","levels":null,"wheelchair":null,"inAcademicArea":false,"entrances":0},"geometry":{"type":"Polygon","coordinates":[[[80.2410532,26.5085467],[80.2413744,26.5085471],[80.241375,26.5081239],[80.2410538,26.5081235],[80.2410532,26.5085467]]]}},{"type":"Feature","id":1145006311,"properties":{"osmId":"way/1145006311","name":"Director's Residence","building":"house","levels":null,"wheelchair":null,"inAcademicArea":false,"entrances":0},"geometry":{"type":"Polygon","coordinates":[[[80.2358125,26.507089],[80.2358125,26.5068527],[80.2360665,26.5068527],[80.2360665,26.5070891],[80.2358125,26.507089]]]}},{"type":"Feature","id":1157377791,"properties":{"osmId":"way/1157377791","name":null,"building":"yes","levels":null,"wheelchair":null,"inAcademicArea":false,"entrances":0},"geometry":{"type":"Polygon","coordinates":[[[80.2402314,26.5099766],[80.2402327,26.5098851],[80.2406,26.5098892],[80.2405988,26.5099806],[80.2402314,26.5099766]]]}},{"type":"Feature","id":1161611638,"properties":{"osmId":"way/1161611638","name":null,"building":"house","levels":null,"wheelchair":null,"inAcademicArea":false,"entrances":0},"geometry":{"type":"Polygon","coordinates":[[[80.2365705,26.5066442],[80.2367543,26.5066437],[80.2367546,26.5067336],[80.2365708,26.506734],[80.2365705,26.5066442]]]}},{"type":"Feature","id":1161611639,"properties":{"osmId":"way/1161611639","name":null,"building":"house","levels":null,"wheelchair":null,"inAcademicArea":false,"entrances":0},"geometry":{"type":"Polygon","coordinates":[[[80.2368816,26.5066499],[80.2370654,26.5066494],[80.2370657,26.5067393],[80.2368819,26.5067397],[80.2368816,26.5066499]]]}},{"type":"Feature","id":1161611640,"properties":{"osmId":"way/1161611640","name":null,"building":"house","levels":null,"wheelchair":null,"inAcademicArea":false,"entrances":0},"geometry":{"type":"Polygon","coordinates":[[[80.2377903,26.5067281],[80.2377903,26.5068305],[80.2376666,26.5068304],[80.2376667,26.5066713],[80.2377451,26.5066713],[80.237745,26.5067281],[80.2377903,26.5067281]]]}},{"type":"Feature","id":1161611641,"properties":{"osmId":"way/1161611641","name":null,"building":"house","levels":null,"wheelchair":null,"inAcademicArea":false,"entrances":0},"geometry":{"type":"Polygon","coordinates":[[[80.2373179,26.5066954],[80.2373178,26.5067978],[80.2371942,26.5067977],[80.2371943,26.5066385],[80.2372726,26.5066386],[80.2372726,26.5066954],[80.2373179,26.5066954]]]}},{"type":"Feature","id":1161611642,"properties":{"osmId":"way/1161611642","name":null,"building":"house","levels":null,"wheelchair":null,"inAcademicArea":false,"entrances":0},"geometry":{"type":"Polygon","coordinates":[[[80.2373885,26.5066975],[80.2373885,26.5067999],[80.2375121,26.5067999],[80.2375122,26.5066407],[80.2374338,26.5066407],[80.2374338,26.5066975],[80.2373885,26.5066975]]]}},{"type":"Feature","id":1161611643,"properties":{"osmId":"way/1161611643","name":null,"building":"house","levels":null,"wheelchair":null,"inAcademicArea":false,"entrances":0},"geometry":{"type":"Polygon","coordinates":[[[80.2378666,26.5067222],[80.2378665,26.5068246],[80.2379902,26.5068246],[80.2379903,26.5066654],[80.2379119,26.5066654],[80.2379119,26.5067222],[80.2378666,26.5067222]]]}},{"type":"Feature","id":1161611644,"properties":{"osmId":"way/1161611644","name":null,"building":"house","levels":null,"wheelchair":null,"inAcademicArea":false,"entrances":0},"geometry":{"type":"Polygon","coordinates":[[[80.2382652,26.5067065],[80.2382652,26.5068089],[80.2381415,26.5068089],[80.2381416,26.5066497],[80.23822,26.5066497],[80.23822,26.5067065],[80.2382652,26.5067065]]]}},{"type":"Feature","id":1161611645,"properties":{"osmId":"way/1161611645","name":null,"building":"house","levels":null,"wheelchair":null,"inAcademicArea":false,"entrances":0},"geometry":{"type":"Polygon","coordinates":[[[80.2383411,26.506708],[80.238341,26.5068103],[80.2384647,26.5068104],[80.2384648,26.5066512],[80.2383864,26.5066512],[80.2383863,26.506708],[80.2383411,26.506708]]]}},{"type":"Feature","id":1162107899,"properties":{"osmId":"way/1162107899","name":null,"building":"house","levels":null,"wheelchair":null,"inAcademicArea":false,"entrances":0},"geometry":{"type":"Polygon","coordinates":[[[80.2365605,26.5072155],[80.2367443,26.507215],[80.2367446,26.5073049],[80.2365608,26.5073053],[80.2365605,26.5072155]]]}},{"type":"Feature","id":1162107900,"properties":{"osmId":"way/1162107900","name":null,"building":"house","levels":null,"wheelchair":null,"inAcademicArea":false,"entrances":0},"geometry":{"type":"Polygon","coordinates":[[[80.2368797,26.5072179],[80.2370635,26.5072174],[80.2370638,26.5073073],[80.23688,26.5073077],[80.2368797,26.5072179]]]}},{"type":"Feature","id":1162107901,"properties":{"osmId":"way/1162107901","name":null,"building":"house","levels":null,"wheelchair":null,"inAcademicArea":false,"entrances":0},"geometry":{"type":"Polygon","coordinates":[[[80.2373079,26.5072349],[80.237308,26.5071325],[80.2371844,26.5071324],[80.2371842,26.5072916],[80.2372625,26.5072916],[80.2372626,26.5072348],[80.2373079,26.5072349]]]}},{"type":"Feature","id":1162107902,"properties":{"osmId":"way/1162107902","name":null,"building":"house","levels":null,"wheelchair":null,"inAcademicArea":false,"entrances":0},"geometry":{"type":"Polygon","coordinates":[[[80.2373886,26.5072388],[80.2373886,26.5071364],[80.2375122,26.5071364],[80.2375123,26.5072956],[80.2374339,26.5072956],[80.2374339,26.5072388],[80.2373886,26.5072388]]]}},{"type":"Feature","id":1162107903,"properties":{"osmId":"way/1162107903","name":null,"building":"house","levels":null,"wheelchair":null,"inAcademicArea":false,"entrances":0},"geometry":{"type":"Polygon","coordinates":[[[80.2377818,26.507269],[80.237782,26.5071666],[80.2376583,26.5071666],[80.2376582,26.5073257],[80.2377366,26.5073258],[80.2377365,26.507269],[80.2377818,26.507269]]]}},{"type":"Feature","id":1162107904,"properties":{"osmId":"way/1162107904","name":null,"building":"house","levels":null,"wheelchair":null,"inAcademicArea":false,"entrances":0},"geometry":{"type":"Polygon","coordinates":[[[80.2378446,26.5072709],[80.2378446,26.5071685],[80.2379683,26.5071687],[80.2379682,26.5073279],[80.2378898,26.5073278],[80.2378899,26.507271],[80.2378446,26.5072709]]]}},{"type":"Feature","id":1162107905,"properties":{"osmId":"way/1162107905","name":null,"building":"house","levels":null,"wheelchair":null,"inAcademicArea":false,"entrances":0},"geometry":{"type":"Polygon","coordinates":[[[80.2382782,26.5072408],[80.2382782,26.5071384],[80.2381545,26.5071384],[80.2381546,26.5072976],[80.238233,26.5072976],[80.238233,26.5072408],[80.2382782,26.5072408]]]}},{"type":"Feature","id":1162107906,"properties":{"osmId":"way/1162107906","name":null,"building":"house","levels":null,"wheelchair":null,"inAcademicArea":false,"entrances":0},"geometry":{"type":"Polygon","coordinates":[[[80.23835,26.5072468],[80.23835,26.5071445],[80.2384737,26.5071445],[80.2384736,26.5073037],[80.2383952,26.5073036],[80.2383952,26.5072468],[80.23835,26.5072468]]]}},{"type":"Feature","id":1162107907,"properties":{"osmId":"way/1162107907","name":null,"building":"house","levels":null,"wheelchair":null,"inAcademicArea":false,"entrances":0},"geometry":{"type":"Polygon","coordinates":[[[80.2390765,26.5073566],[80.2391224,26.5073568],[80.2391228,26.5073068],[80.2392254,26.5073074],[80.239225,26.5073629],[80.2392824,26.5073632],[80.2392834,26.5072243],[80.2390775,26.5072231],[80.2390765,26.5073566]]]}},{"type":"Feature","id":1162107908,"properties":{"osmId":"way/1162107908","name":null,"building":"house","levels":null,"wheelchair":null,"inAcademicArea":false,"entrances":0},"geometry":{"type":"Polygon","coordinates":[[[80.2393191,26.5073576],[80.239365,26.5073579],[80.2393654,26.5073078],[80.239468,26.5073084],[80.2394676,26.5073639],[80.2395249,26.5073642],[80.2395259,26.5072253],[80.2393201,26.5072241],[80.2393191,26.5073576]]]}},{"type":"Feature","id":1162107909,"properties":{"osmId":"way/1162107909","name":null,"building":"house","levels":null,"wheelchair":null,"inAcademicArea":false,"entrances":0},"geometry":{"type":"Polygon","coordinates":[[[80.2389232,26.5071615],[80.2389232,26.5071479],[80.2388473,26.5071481],[80.2388467,26.5069115],[80.2389154,26.5069113],[80.2389154,26.506897],[80.2390019,26.5068968],[80.2390026,26.5071614],[80.2389232,26.5071615]]]}},{"type":"Feature","id":1162995977,"properties":{"osmId":"way/1162995977","name":null,"building":"residential","levels":null,"wheelchair":null,"inAcademicArea":false,"entrances":0},"geometry":{"type":"Polygon","coordinates":[[[80.2403636,26.5082207],[80.2403644,26.5081536],[80.2408162,26.5081577],[80.2408154,26.5082248],[80.2403636,26.5082207]]]}},{"type":"Feature","id":1162995978,"properties":{"osmId":"way/1162995978","name":null,"building":"residential","levels":null,"wheelchair":null,"inAcademicArea":false,"entrances":0},"geometry":{"type":"Polygon","coordinates":[[[80.2403608,26.5084741],[80.2403616,26.508407],[80.2408134,26.5084111],[80.2408126,26.5084782],[80.2403608,26.5084741]]]}},{"type":"Feature","id":1162995979,"properties":{"osmId":"way/1162995979","name":null,"building":"residential","levels":null,"wheelchair":null,"inAcademicArea":false,"entrances":0},"geometry":{"type":"Polygon","coordinates":[[[80.2403383,26.5094597],[80.240339,26.5093927],[80.2407909,26.5093968],[80.2407901,26.5094639],[80.2403383,26.5094597]]]}},{"type":"Feature","id":1162995980,"properties":{"osmId":"way/1162995980","name":null,"building":"residential","levels":null,"wheelchair":null,"inAcademicArea":false,"entrances":0},"geometry":{"type":"Polygon","coordinates":[[[80.2403269,26.5097167],[80.2403277,26.5096496],[80.2407795,26.5096537],[80.2407788,26.5097208],[80.2403269,26.5097167]]]}},{"type":"Feature","id":1163529492,"properties":{"osmId":"way/1163529492","name":null,"building":"school","levels":null,"wheelchair":null,"inAcademicArea":false,"entrances":0},"geometry":{"type":"Polygon","coordinates":[[[80.2361987,26.5088037],[80.2361989,26.508766],[80.2361144,26.5087657],[80.2361148,26.5086799],[80.236159,26.50868],[80.2361594,26.5085896],[80.2362656,26.5085899],[80.2362654,26.5086242],[80.2363392,26.5086245],[80.2363389,26.5086931],[80.2364054,26.5086933],[80.2364058,26.5086065],[80.2363415,26.5086063],[80.2363419,26.508519],[80.2363767,26.5085191],[80.236377,26.5084287],[80.236493,26.5084291],[80.2364927,26.5084881],[80.2366118,26.5084885],[80.2366114,26.5085689],[80.2368514,26.5085697],[80.2368504,26.5087988],[80.236565,26.5087978],[80.2365646,26.5088989],[80.2363527,26.5088981],[80.2363531,26.5088043],[80.2361987,26.5088037]]]}},{"type":"Feature","id":1163529798,"properties":{"osmId":"way/1163529798","name":null,"building":"house","levels":null,"wheelchair":null,"inAcademicArea":false,"entrances":0},"geometry":{"type":"Polygon","coordinates":[[[80.2382565,26.5076596],[80.2382565,26.507762],[80.2381328,26.507762],[80.2381329,26.5076028],[80.2382113,26.5076028],[80.2382113,26.5076596],[80.2382565,26.5076596]]]}},{"type":"Feature","id":1163529799,"properties":{"osmId":"way/1163529799","name":null,"building":"house","levels":null,"wheelchair":null,"inAcademicArea":false,"entrances":0},"geometry":{"type":"Polygon","coordinates":[[[80.2383344,26.5076681],[80.2383344,26.5077705],[80.2384581,26.5077705],[80.238458,26.5076113],[80.2383796,26.5076113],[80.2383796,26.5076681],[80.2383344,26.5076681]]]}},{"type":"Feature","id":1163529800,"properties":{"osmId":"way/1163529800","name":null,"building":"house","levels":null,"wheelchair":null,"inAcademicArea":false,"entrances":0},"geometry":{"type":"Polygon","coordinates":[[[80.2377791,26.5076834],[80.2377791,26.5077858],[80.2376554,26.5077858],[80.2376555,26.5076266],[80.2377339,26.5076266],[80.2377339,26.5076834],[80.2377791,26.5076834]]]}},{"type":"Feature","id":1163529801,"properties":{"osmId":"way/1163529801","name":null,"building":"house","levels":null,"wheelchair":null,"inAcademicArea":false,"entrances":0},"geometry":{"type":"Polygon","coordinates":[[[80.2387376,26.5076902],[80.2387376,26.5077926],[80.2386139,26.5077926],[80.238614,26.5076334],[80.2386924,26.5076334],[80.2386924,26.5076902],[80.2387376,26.5076902]]]}},{"type":"Feature","id":1163529802,"properties":{"osmId":"way/1163529802","name":null,"building":"house","levels":null,"wheelchair":null,"inAcademicArea":false,"entrances":0},"geometry":{"type":"Polygon","coordinates":[[[80.2392092,26.5076664],[80.2392092,26.5077688],[80.2390855,26.5077688],[80.2390856,26.5076096],[80.239164,26.5076096],[80.239164,26.5076664],[80.2392092,26.5076664]]]}},{"type":"Feature","id":1163529803,"properties":{"osmId":"way/1163529803","name":null,"building":"house","levels":null,"wheelchair":null,"inAcademicArea":false,"entrances":0},"geometry":{"type":"Polygon","coordinates":[[[80.2378665,26.50768],[80.2378665,26.5077824],[80.2379902,26.5077824],[80.2379901,26.5076232],[80.2379117,26.5076232],[80.2379117,26.50768],[80.2378665,26.50768]]]}},{"type":"Feature","id":1163529804,"properties":{"osmId":"way/1163529804","name":null,"building":"house","levels":null,"wheelchair":null,"inAcademicArea":false,"entrances":0},"geometry":{"type":"Polygon","coordinates":[[[80.2388136,26.507697],[80.2388136,26.5077994],[80.2389373,26.5077994],[80.2389372,26.5076402],[80.2388588,26.5076402],[80.2388588,26.507697],[80.2388136,26.507697]]]}},{"type":"Feature","id":1163529805,"properties":{"osmId":"way/1163529805","name":null,"building":"house","levels":null,"wheelchair":null,"inAcademicArea":false,"entrances":0},"geometry":{"type":"Polygon","coordinates":[[[80.2392776,26.5076698],[80.2392776,26.5077722],[80.2394013,26.5077722],[80.2394012,26.507613],[80.2393228,26.507613],[80.2393228,26.5076698],[80.2392776,26.5076698]]]}},{"type":"Feature","id":1163529806,"properties":{"osmId":"way/1163529806","name":null,"building":"house","levels":null,"wheelchair":null,"inAcademicArea":false,"entrances":0},"geometry":{"type":"Polygon","coordinates":[[[80.2392844,26.5080589],[80.2392844,26.5079565],[80.2394081,26.5079565],[80.239408,26.5081157],[80.2393296,26.5081157],[80.2393296,26.5080589],[80.2392844,26.5080589]]]}},{"type":"Feature","id":1163529807,"properties":{"osmId":"way/1163529807","name":null,"building":"house","levels":null,"wheelchair":null,"inAcademicArea":false,"entrances":0},"geometry":{"type":"Polygon","coordinates":[[[80.2392049,26.5080528],[80.2392049,26.5079504],[80.2390812,26.5079504],[80.2390813,26.5081096],[80.2391597,26.5081096],[80.2391597,26.5080528],[80.2392049,26.5080528]]]}},{"type":"Feature","id":1163529808,"properties":{"osmId":"way/1163529808","name":null,"building":"house","levels":null,"wheelchair":null,"inAcademicArea":false,"entrances":0},"geometry":{"type":"Polygon","coordinates":[[[80.2387345,26.5080773],[80.2387345,26.5079749],[80.2386108,26.5079749],[80.2386109,26.5081341],[80.2386893,26.5081341],[80.2386893,26.5080773],[80.2387345,26.5080773]]]}},{"type":"Feature","id":1163529809,"properties":{"osmId":"way/1163529809","name":null,"building":"house","levels":null,"wheelchair":null,"inAcademicArea":false,"entrances":0},"geometry":{"type":"Polygon","coordinates":[[[80.2382572,26.5080487],[80.2382572,26.5079463],[80.2381335,26.5079463],[80.2381336,26.5081055],[80.238212,26.5081055],[80.238212,26.5080487],[80.2382572,26.5080487]]]}},{"type":"Feature","id":1163529810,"properties":{"osmId":"way/1163529810","name":null,"building":"house","levels":null,"wheelchair":null,"inAcademicArea":false,"entrances":0},"geometry":{"type":"Polygon","coordinates":[[[80.2388049,26.5080794],[80.2388049,26.507977],[80.2389286,26.507977],[80.2389285,26.5081362],[80.2388501,26.5081362],[80.2388501,26.5080794],[80.2388049,26.5080794]]]}},{"type":"Feature","id":1163529811,"properties":{"osmId":"way/1163529811","name":null,"building":"house","levels":null,"wheelchair":null,"inAcademicArea":false,"entrances":0},"geometry":{"type":"Polygon","coordinates":[[[80.2383276,26.5080508],[80.2383276,26.5079484],[80.2384513,26.5079484],[80.2384512,26.5081076],[80.2383728,26.5081076],[80.2383728,26.5080508],[80.2383276,26.5080508]]]}},{"type":"Feature","id":1167529163,"properties":{"osmId":"way/1167529163","name":null,"building":"house","levels":null,"wheelchair":null,"inAcademicArea":false,"entrances":0},"geometry":{"type":"Polygon","coordinates":[[[80.2377646,26.5084924],[80.2377646,26.5085948],[80.2376409,26.5085948],[80.237641,26.5084356],[80.2377194,26.5084356],[80.2377194,26.5084924],[80.2377646,26.5084924]]]}},{"type":"Feature","id":1167529164,"properties":{"osmId":"way/1167529164","name":null,"building":"house","levels":null,"wheelchair":null,"inAcademicArea":false,"entrances":0},"geometry":{"type":"Polygon","coordinates":[[[80.2382501,26.5084674],[80.2382501,26.5085698],[80.2381264,26.5085698],[80.2381265,26.5084106],[80.2382049,26.5084106],[80.2382049,26.5084674],[80.2382501,26.5084674]]]}},{"type":"Feature","id":1167529165,"properties":{"osmId":"way/1167529165","name":null,"building":"house","levels":null,"wheelchair":null,"inAcademicArea":false,"entrances":0},"geometry":{"type":"Polygon","coordinates":[[[80.2387375,26.5084924],[80.2387375,26.5085948],[80.2386138,26.5085948],[80.2386139,26.5084356],[80.2386923,26.5084356],[80.2386923,26.5084924],[80.2387375,26.5084924]]]}},{"type":"Feature","id":1167529166,"properties":{"osmId":"way/1167529166","name":null,"building":"house","levels":null,"wheelchair":null,"inAcademicArea":false,"entrances":0},"geometry":{"type":"Polygon","coordinates":[[[80.2392007,26.5084758],[80.2392007,26.5085782],[80.239077,26.5085782],[80.2390771,26.508419],[80.2391555,26.508419],[80.2391555,26.5084758],[80.2392007,26.5084758]]]}},{"type":"Feature","id":1167529167,"properties":{"osmId":"way/1167529167","name":null,"building":"house","levels":null,"wheelchair":null,"inAcademicArea":false,"entrances":0},"geometry":{"type":"Polygon","coordinates":[[[80.2378511,26.5084857],[80.2378511,26.5085881],[80.2379748,26.5085881],[80.2379747,26.5084289],[80.2378963,26.5084289],[80.2378963,26.5084857],[80.2378511,26.5084857]]]}},{"type":"Feature","id":1167529168,"properties":{"osmId":"way/1167529168","name":null,"building":"house","levels":null,"wheelchair":null,"inAcademicArea":false,"entrances":0},"geometry":{"type":"Polygon","coordinates":[[[80.2383329,26.5084724],[80.2383329,26.5085748],[80.2384566,26.5085748],[80.2384565,26.5084156],[80.2383781,26.5084156],[80.2383781,26.5084724],[80.2383329,26.5084724]]]}},{"type":"Feature","id":1167529169,"properties":{"osmId":"way/1167529169","name":null,"building":"house","levels":null,"wheelchair":null,"inAcademicArea":false,"entrances":0},"geometry":{"type":"Polygon","coordinates":[[[80.238811,26.5084957],[80.238811,26.5085981],[80.2389347,26.5085981],[80.2389346,26.5084389],[80.2388562,26.5084389],[80.2388562,26.5084957],[80.238811,26.5084957]]]}},{"type":"Feature","id":1167529170,"properties":{"osmId":"way/1167529170","name":null,"building":"house","levels":null,"wheelchair":null,"inAcademicArea":false,"entrances":0},"geometry":{"type":"Polygon","coordinates":[[[80.2392779,26.5084791],[80.2392779,26.5085815],[80.2394016,26.5085815],[80.2394015,26.5084223],[80.2393231,26.5084223],[80.2393231,26.5084791],[80.2392779,26.5084791]]]}},{"type":"Feature","id":1167529171,"properties":{"osmId":"way/1167529171","name":null,"building":"house","levels":null,"wheelchair":null,"inAcademicArea":true,"entrances":0},"geometry":{"type":"Polygon","coordinates":[[[80.2377721,26.5088757],[80.2377721,26.5087733],[80.2376484,26.5087733],[80.2376485,26.5089325],[80.2377269,26.5089325],[80.2377269,26.5088757],[80.2377721,26.5088757]]]}},{"type":"Feature","id":1167529172,"properties":{"osmId":"way/1167529172","name":null,"building":"house","levels":null,"wheelchair":null,"inAcademicArea":true,"entrances":0},"geometry":{"type":"Polygon","coordinates":[[[80.238247,26.5088577],[80.238247,26.5087553],[80.2381233,26.5087553],[80.2381234,26.5089145],[80.2382018,26.5089145],[80.2382018,26.5088577],[80.238247,26.5088577]]]}},{"type":"Feature","id":1167529173,"properties":{"osmId":"way/1167529173","name":null,"building":"house","levels":null,"wheelchair":null,"inAcademicArea":false,"entrances":0},"geometry":{"type":"Polygon","coordinates":[[[80.2387273,26.5088776],[80.2387273,26.5087752],[80.2386036,26.5087752],[80.2386037,26.5089344],[80.2386821,26.5089344],[80.2386821,26.5088776],[80.2387273,26.5088776]]]}},{"type":"Feature","id":1167529174,"properties":{"osmId":"way/1167529174","name":null,"building":"house","levels":null,"wheelchair":null,"inAcademicArea":false,"entrances":0},"geometry":{"type":"Polygon","coordinates":[[[80.2391963,26.5088676],[80.2391963,26.5087652],[80.2390726,26.5087652],[80.2390727,26.5089244],[80.2391511,26.5089244],[80.2391511,26.5088676],[80.2391963,26.5088676]]]}},{"type":"Feature","id":1167529175,"properties":{"osmId":"way/1167529175","name":null,"building":"house","levels":null,"wheelchair":null,"inAcademicArea":true,"entrances":0},"geometry":{"type":"Polygon","coordinates":[[[80.2378463,26.5088736],[80.2378463,26.5087712],[80.23797,26.5087712],[80.2379699,26.5089304],[80.2378915,26.5089304],[80.2378915,26.5088736],[80.2378463,26.5088736]]]}},{"type":"Feature","id":1167529176,"properties":{"osmId":"way/1167529176","name":null,"building":"house","levels":null,"wheelchair":null,"inAcademicArea":false,"entrances":0},"geometry":{"type":"Polygon","coordinates":[[[80.238331,26.5088617],[80.238331,26.5087593],[80.2384547,26.5087593],[80.2384546,26.5089185],[80.2383762,26.5089185],[80.2383762,26.5088617],[80.238331,26.5088617]]]}},{"type":"Feature","id":1167529177,"properties":{"osmId":"way/1167529177","name":null,"building":"house","levels":null,"wheelchair":null,"inAcademicArea":false,"entrances":0},"geometry":{"type":"Polygon","coordinates":[[[80.2387979,26.5088856],[80.2387979,26.5087832],[80.2389216,26.5087832],[80.2389215,26.5089424],[80.2388431,26.5089424],[80.2388431,26.5088856],[80.2387979,26.5088856]]]}},{"type":"Feature","id":1167529178,"properties":{"osmId":"way/1167529178","name":null,"building":"house","levels":null,"wheelchair":null,"inAcademicArea":false,"entrances":0},"geometry":{"type":"Polygon","coordinates":[[[80.2392759,26.5088617],[80.2392759,26.5087593],[80.2393996,26.5087593],[80.2393995,26.5089185],[80.2393211,26.5089185],[80.2393211,26.5088617],[80.2392759,26.5088617]]]}},{"type":"Feature","id":1167529179,"properties":{"osmId":"way/1167529179","name":null,"building":"house","levels":null,"wheelchair":null,"inAcademicArea":true,"entrances":0},"geometry":{"type":"Polygon","coordinates":[[[80.2377583,26.5096796],[80.2377583,26.5095772],[80.2376346,26.5095772],[80.2376347,26.5097364],[80.2377131,26.5097364],[80.2377131,26.5096796],[80.2377583,26.5096796]]]}},{"type":"Feature","id":1167529180,"properties":{"osmId":"way/1167529180","name":null,"building":"house","levels":null,"wheelchair":null,"inAcademicArea":true,"entrances":0},"geometry":{"type":"Polygon","coordinates":[[[80.2382411,26.50967],[80.2382411,26.5095676],[80.2381174,26.5095676],[80.2381175,26.5097268],[80.2381959,26.5097268],[80.2381959,26.50967],[80.2382411,26.50967]]]}},{"type":"Feature","id":1167529181,"properties":{"osmId":"way/1167529181","name":null,"building":"house","levels":null,"wheelchair":null,"inAcademicArea":false,"entrances":0},"geometry":{"type":"Polygon","coordinates":[[[80.2387239,26.5096868],[80.2387239,26.5095844],[80.2386002,26.5095844],[80.2386003,26.5097436],[80.2386787,26.5097436],[80.2386787,26.5096868],[80.2387239,26.5096868]]]}},{"type":"Feature","id":1167529182,"properties":{"osmId":"way/1167529182","name":null,"building":"house","levels":null,"wheelchair":null,"inAcademicArea":false,"entrances":0},"geometry":{"type":"Polygon","coordinates":[[[80.2392014,26.5096628],[80.2392014,26.5095604],[80.2390777,26.5095604],[80.2390778,26.5097196],[80.2391562,26.5097196],[80.2391562,26.5096628],[80.2392014,26.5096628]]]}},{"type":"Feature","id":1167529183,"properties":{"osmId":"way/1167529183","name":null,"building":"house","levels":null,"wheelchair":null,"inAcademicArea":true,"entrances":0},"geometry":{"type":"Polygon","coordinates":[[[80.2378412,26.5096844],[80.2378412,26.509582],[80.2379649,26.509582],[80.2379648,26.5097412],[80.2378864,26.5097412],[80.2378864,26.5096844],[80.2378412,26.5096844]]]}},{"type":"Feature","id":1167529184,"properties":{"osmId":"way/1167529184","name":null,"building":"house","levels":null,"wheelchair":null,"inAcademicArea":false,"entrances":0},"geometry":{"type":"Polygon","coordinates":[[[80.2383213,26.5096628],[80.2383213,26.5095604],[80.238445,26.5095604],[80.2384449,26.5097196],[80.2383665,26.5097196],[80.2383665,26.5096628],[80.2383213,26.5096628]]]}},{"type":"Feature","id":1167529185,"properties":{"osmId":"way/1167529185","name":null,"building":"house","levels":null,"wheelchair":null,"inAcademicArea":false,"entrances":0},"geometry":{"type":"Polygon","coordinates":[[[80.238796,26.5096868],[80.238796,26.5095844],[80.2389197,26.5095844],[80.2389196,26.5097436],[80.2388412,26.5097436],[80.2388412,26.5096868],[80.238796,26.5096868]]]}},{"type":"Feature","id":1167529186,"properties":{"osmId":"way/1167529186","name":null,"building":"house","levels":null,"wheelchair":null,"inAcademicArea":false,"entrances":0},"geometry":{"type":"Polygon","coordinates":[[[80.2392654,26.5096724],[80.2392654,26.50957],[80.2393891,26.50957],[80.239389,26.5097292],[80.2393106,26.5097292],[80.2393106,26.5096724],[80.2392654,26.5096724]]]}},{"type":"Feature","id":1167529187,"properties":{"osmId":"way/1167529187","name":null,"building":"house","levels":null,"wheelchair":null,"inAcademicArea":true,"entrances":0},"geometry":{"type":"Polygon","coordinates":[[[80.237761,26.5093051],[80.237761,26.5094075],[80.2376373,26.5094075],[80.2376374,26.5092483],[80.2377158,26.5092483],[80.2377158,26.5093051],[80.237761,26.5093051]]]}},{"type":"Feature","id":1167529188,"properties":{"osmId":"way/1167529188","name":null,"building":"house","levels":null,"wheelchair":null,"inAcademicArea":true,"entrances":0},"geometry":{"type":"Polygon","coordinates":[[[80.2382518,26.5092811],[80.2382518,26.5093835],[80.2381281,26.5093835],[80.2381282,26.5092243],[80.2382066,26.5092243],[80.2382066,26.5092811],[80.2382518,26.5092811]]]}},{"type":"Feature","id":1167529189,"properties":{"osmId":"way/1167529189","name":null,"building":"house","levels":null,"wheelchair":null,"inAcademicArea":false,"entrances":0},"geometry":{"type":"Polygon","coordinates":[[[80.2387507,26.5093027],[80.2387507,26.5094051],[80.238627,26.5094051],[80.2386271,26.5092459],[80.2387055,26.5092459],[80.2387055,26.5093027],[80.2387507,26.5093027]]]}},{"type":"Feature","id":1167529190,"properties":{"osmId":"way/1167529190","name":null,"building":"house","levels":null,"wheelchair":null,"inAcademicArea":false,"entrances":0},"geometry":{"type":"Polygon","coordinates":[[[80.2391933,26.5092883],[80.2391933,26.5093907],[80.2390696,26.5093907],[80.2390697,26.5092315],[80.2391481,26.5092315],[80.2391481,26.5092883],[80.2391933,26.5092883]]]}},{"type":"Feature","id":1167529191,"properties":{"osmId":"way/1167529191","name":null,"building":"house","levels":null,"wheelchair":null,"inAcademicArea":true,"entrances":0},"geometry":{"type":"Polygon","coordinates":[[[80.2378412,26.5092979],[80.2378412,26.5094003],[80.2379649,26.5094003],[80.2379648,26.5092411],[80.2378864,26.5092411],[80.2378864,26.5092979],[80.2378412,26.5092979]]]}},{"type":"Feature","id":1167529192,"properties":{"osmId":"way/1167529192","name":null,"building":"house","levels":null,"wheelchair":null,"inAcademicArea":false,"entrances":0},"geometry":{"type":"Polygon","coordinates":[[[80.2383159,26.5092859],[80.2383159,26.5093883],[80.2384396,26.5093883],[80.2384395,26.5092291],[80.2383611,26.5092291],[80.2383611,26.5092859],[80.2383159,26.5092859]]]}},{"type":"Feature","id":1167529193,"properties":{"osmId":"way/1167529193","name":null,"building":"house","levels":null,"wheelchair":null,"inAcademicArea":false,"entrances":0},"geometry":{"type":"Polygon","coordinates":[[[80.2387987,26.5093075],[80.2387987,26.5094099],[80.2389224,26.5094099],[80.2389223,26.5092507],[80.2388439,26.5092507],[80.2388439,26.5093075],[80.2387987,26.5093075]]]}},{"type":"Feature","id":1167529194,"properties":{"osmId":"way/1167529194","name":null,"building":"house","levels":null,"wheelchair":null,"inAcademicArea":false,"entrances":0},"geometry":{"type":"Polygon","coordinates":[[[80.2392815,26.5092787],[80.2392815,26.5093811],[80.2394052,26.5093811],[80.2394051,26.5092219],[80.2393267,26.5092219],[80.2393267,26.5092787],[80.2392815,26.5092787]]]}},{"type":"Feature","id":1167530355,"properties":{"osmId":"way/1167530355","name":null,"building":"residential","levels":null,"wheelchair":null,"inAcademicArea":false,"entrances":0},"geometry":{"type":"Polygon","coordinates":[[[80.2420288,26.5097739],[80.242148,26.5097751],[80.2421531,26.5093803],[80.2420339,26.5093791],[80.2420288,26.5097739]]]}},{"type":"Feature","id":1167530356,"properties":{"osmId":"way/1167530356","name":null,"building":"residential","levels":null,"wheelchair":null,"inAcademicArea":false,"entrances":0},"geometry":{"type":"Polygon","coordinates":[[[80.2418339,26.5093892],[80.2419532,26.5093904],[80.2419582,26.5089956],[80.241839,26.5089944],[80.2418339,26.5093892]]]}},{"type":"Feature","id":1167530357,"properties":{"osmId":"way/1167530357","name":null,"building":"residential","levels":null,"wheelchair":null,"inAcademicArea":false,"entrances":0},"geometry":{"type":"Polygon","coordinates":[[[80.2418436,26.5088877],[80.2419628,26.5088889],[80.2419679,26.5084941],[80.2418487,26.5084929],[80.2418436,26.5088877]]]}},{"type":"Feature","id":1167530358,"properties":{"osmId":"way/1167530358","name":null,"building":"residential","levels":null,"wheelchair":null,"inAcademicArea":false,"entrances":0},"geometry":{"type":"Polygon","coordinates":[[[80.2420497,26.5085072],[80.242169,26.5085085],[80.242174,26.5081136],[80.2420548,26.5081124],[80.2420497,26.5085072]]]}},{"type":"Feature","id":1167530359,"properties":{"osmId":"way/1167530359","name":null,"building":"residential","levels":null,"wheelchair":null,"inAcademicArea":false,"entrances":0},"geometry":{"type":"Polygon","coordinates":[[[80.241535,26.5081063],[80.2415327,26.508213],[80.2419738,26.5082206],[80.2419761,26.508114],[80.241535,26.5081063]]]}},{"type":"Feature","id":1167530360,"properties":{"osmId":"way/1167530360","name":null,"building":"residential","levels":null,"wheelchair":null,"inAcademicArea":false,"entrances":0},"geometry":{"type":"Polygon","coordinates":[[[80.2415731,26.5087119],[80.2416923,26.5087131],[80.2416974,26.5083183],[80.2415781,26.5083171],[80.2415731,26.5087119]]]}},{"type":"Feature","id":1167530361,"properties":{"osmId":"way/1167530361","name":null,"building":"residential","levels":null,"wheelchair":null,"inAcademicArea":false,"entrances":0},"geometry":{"type":"Polygon","coordinates":[[[80.2415602,26.5096169],[80.2416794,26.5096181],[80.2416845,26.5092233],[80.2415653,26.5092221],[80.2415602,26.5096169]]]}},{"type":"Feature","id":1167530362,"properties":{"osmId":"way/1167530362","name":null,"building":"residential","levels":null,"wheelchair":null,"inAcademicArea":false,"entrances":0},"geometry":{"type":"Polygon","coordinates":[[[80.2411453,26.5090055],[80.2411429,26.5091122],[80.2415841,26.5091199],[80.2415864,26.5090132],[80.2411453,26.5090055]]]}},{"type":"Feature","id":1167530363,"properties":{"osmId":"way/1167530363","name":null,"building":"residential","levels":null,"wheelchair":null,"inAcademicArea":false,"entrances":0},"geometry":{"type":"Polygon","coordinates":[[[80.2411517,26.5087548],[80.2411494,26.5088615],[80.2415905,26.5088691],[80.2415928,26.5087625],[80.2411517,26.5087548]]]}},{"type":"Feature","id":1167530364,"properties":{"osmId":"way/1167530364","name":null,"building":"residential","levels":null,"wheelchair":null,"inAcademicArea":false,"entrances":0},"geometry":{"type":"Polygon","coordinates":[[[80.240309,26.509107],[80.2403097,26.5090141],[80.2405457,26.5090154],[80.240545,26.5091084],[80.240309,26.509107]]]}},{"type":"Feature","id":1167530365,"properties":{"osmId":"way/1167530365","name":null,"building":"residential","levels":null,"wheelchair":null,"inAcademicArea":false,"entrances":0},"geometry":{"type":"Polygon","coordinates":[[[80.2403252,26.5088462],[80.2403258,26.5087533],[80.2405618,26.5087546],[80.2405612,26.5088476],[80.2403252,26.5088462]]]}},{"type":"Feature","id":1172338399,"properties":{"osmId":"way/1172338399","name":null,"building":"residential","levels":null,"wheelchair":null,"inAcademicArea":false,"entrances":0},"geometry":{"type":"Polygon","coordinates":[[[80.2413405,26.507836],[80.2414038,26.5078356],[80.2414024,26.5076237],[80.2413391,26.5076241],[80.2413405,26.507836]]]}},{"type":"Feature","id":1172338400,"properties":{"osmId":"way/1172338400","name":null,"building":"residential","levels":null,"wheelchair":null,"inAcademicArea":false,"entrances":0},"geometry":{"type":"Polygon","coordinates":[[[80.2418343,26.5078315],[80.2418976,26.5078311],[80.2418962,26.5076193],[80.2418328,26.5076196],[80.2418343,26.5078315]]]}},{"type":"Feature","id":1172338401,"properties":{"osmId":"way/1172338401","name":null,"building":"residential","levels":null,"wheelchair":null,"inAcademicArea":false,"entrances":0},"geometry":{"type":"Polygon","coordinates":[[[80.2414998,26.5077756],[80.2414995,26.5078322],[80.2417363,26.5078332],[80.2417365,26.5077765],[80.2414998,26.5077756]]]}},{"type":"Feature","id":157018922,"properties":{"osmId":"way/157018922","name":"Main Auditorium","building":"yes","levels":null,"wheelchair":null,"inAcademicArea":true,"entrances":0},"geometry":{"type":"Polygon","coordinates":[[[80.2362814,26.5131877],[80.2362805,26.5132749],[80.2356927,26.5132702],[80.2356963,26.512913],[80.236362,26.5129182],[80.2363613,26.5129918],[80.2362011,26.5129905],[80.2361992,26.513187],[80.2362814,26.5131877]]]}},{"type":"Feature","id":268061985,"properties":{"osmId":"way/268061985","name":"Western Labs","building":"university","levels":null,"wheelchair":null,"inAcademicArea":true,"entrances":0},"geometry":{"type":"Polygon","coordinates":[[[80.2310336,26.5125932],[80.2310361,26.5123064],[80.2311845,26.5122512],[80.2311842,26.5120703],[80.232153,26.5120689],[80.2322033,26.5119288],[80.232384,26.51193],[80.2323782,26.5126025],[80.2310336,26.5125932]]]}},{"type":"Feature","id":682695176,"properties":{"osmId":"way/682695176","name":null,"building":"house","levels":null,"wheelchair":null,"inAcademicArea":false,"entrances":0},"geometry":{"type":"Polygon","coordinates":[[[80.2356564,26.5063424],[80.2356593,26.5062268],[80.2357674,26.506229],[80.2357646,26.5063445],[80.2356564,26.5063424]]]}},{"type":"Feature","id":1131994409,"properties":{"osmId":"way/1131994409","name":"Department of Sustainable Energy Engineering","building":"university","levels":null,"wheelchair":null,"inAcademicArea":true,"entrances":0},"geometry":{"type":"Polygon","coordinates":[[[80.2355952,26.5101277],[80.235841,26.5101292],[80.2358401,26.510247],[80.2361534,26.5102489],[80.2361543,26.5101289],[80.2359121,26.5101274],[80.235913,26.5100074],[80.2355961,26.5100054],[80.2355952,26.5101277]]]}},{"type":"Feature","id":1137756290,"properties":{"osmId":"way/1137756290","name":null,"building":"yes","levels":null,"wheelchair":null,"inAcademicArea":true,"entrances":0},"geometry":{"type":"Polygon","coordinates":[[[80.2354869,26.5140981],[80.2354896,26.5139747],[80.2358342,26.5139807],[80.2358315,26.5141041],[80.2354869,26.5140981]]]}},{"type":"Feature","id":1137756291,"properties":{"osmId":"way/1137756291","name":null,"building":"yes","levels":null,"wheelchair":null,"inAcademicArea":true,"entrances":0},"geometry":{"type":"Polygon","coordinates":[[[80.2358189,26.5147036],[80.2358185,26.5148167],[80.2355249,26.5148158],[80.2355254,26.5147026],[80.2358189,26.5147036]]]}},{"type":"Feature","id":30904329,"properties":{"osmId":"way/30904329","name":"Flight Lab","building":"yes","levels":null,"wheelchair":null,"inAcademicArea":false,"entrances":0},"geometry":{"type":"Polygon","coordinates":[[[80.2322662,26.5190088],[80.23224,26.5185896],[80.2325693,26.5185754],[80.2325815,26.5189994],[80.2322662,26.5190088]]]}},{"type":"Feature","id":157018921,"properties":{"osmId":"way/157018921","name":"Computer Centre","building":"university","levels":null,"wheelchair":null,"inAcademicArea":true,"entrances":0},"geometry":{"type":"Polygon","coordinates":[[[80.2341931,26.5138379],[80.2341866,26.5134173],[80.2346773,26.5134113],[80.2346837,26.5138318],[80.2341931,26.5138379]]]}},{"type":"Feature","id":268050280,"properties":{"osmId":"way/268050280","name":"Faculty Building","building":"university","levels":"7","wheelchair":null,"inAcademicArea":true,"entrances":0},"geometry":{"type":"Polygon","coordinates":[[[80.2333348,26.5126394],[80.2334625,26.5126417],[80.2334569,26.5128953],[80.2334114,26.5128945],[80.2334102,26.5129544],[80.2334682,26.5129554],[80.2334659,26.5130643],[80.2333994,26.5130632],[80.2333984,26.5131113],[80.2335966,26.5131177],[80.2335954,26.5132526],[80.2332219,26.5132488],[80.2332228,26.5131251],[80.233371,26.513126],[80.2333715,26.5130551],[80.2328603,26.5130524],[80.2328589,26.5132915],[80.2328567,26.5133896],[80.2327148,26.5133871],[80.2327257,26.5129042],[80.2325783,26.5129015],[80.2325814,26.5127609],[80.2329649,26.5127679],[80.2329614,26.5129187],[80.2328448,26.5129166],[80.2328441,26.5129474],[80.2333278,26.512956],[80.2333348,26.5126394]]]}},{"type":"Feature","id":268050283,"properties":{"osmId":"way/268050283","name":"Core Lab","building":"university","levels":null,"wheelchair":null,"inAcademicArea":true,"entrances":0},"geometry":{"type":"Polygon","coordinates":[[[80.2321645,26.5137949],[80.2333931,26.5137995],[80.2333969,26.5135432],[80.2323708,26.513542],[80.2323495,26.5135113],[80.2321615,26.5135265],[80.2321645,26.5137949]]]}},{"type":"Feature","id":268050284,"properties":{"osmId":"way/268050284","name":"Northern Block Laboratories","building":"university","levels":null,"wheelchair":null,"inAcademicArea":true,"entrances":0},"geometry":{"type":"Polygon","coordinates":[[[80.2330668,26.5138937],[80.2341617,26.5139],[80.2341603,26.5140871],[80.2333982,26.5140827],[80.2333976,26.5141743],[80.2330648,26.5141724],[80.2330668,26.5138937]]]}},{"type":"Feature","id":268050285,"properties":{"osmId":"way/268050285","name":"Department of Chemical Engineering","building":"university","levels":null,"wheelchair":null,"inAcademicArea":true,"entrances":0},"geometry":{"type":"Polygon","coordinates":[[[80.2321216,26.5147941],[80.2321233,26.5143664],[80.2322942,26.514365],[80.2322963,26.5146224],[80.2328134,26.5146297],[80.2328121,26.5148023],[80.2321216,26.5147941]]]}},{"type":"Feature","id":268050286,"properties":{"osmId":"way/268050286","name":"DOAA Canteen","building":"yes","levels":null,"wheelchair":null,"inAcademicArea":true,"entrances":0},"geometry":{"type":"Polygon","coordinates":[[[80.2318699,26.5144195],[80.2318641,26.5144432],[80.23185,26.5144638],[80.2318291,26.5144792],[80.2318038,26.5144876],[80.2317767,26.5144881],[80.231751,26.5144807],[80.2317294,26.5144661],[80.2317145,26.5144463],[80.2317075,26.5144234],[80.2317092,26.5143996],[80.2317193,26.5143776],[80.2317368,26.5143597],[80.2317598,26.5143478],[80.2317859,26.5143431],[80.2318123,26.5143463],[80.2318361,26.5143568],[80.2318549,26.5143737],[80.2318667,26.5143955],[80.2318699,26.5144195]]]}},{"type":"Feature","id":268050287,"properties":{"osmId":"way/268050287","name":"Academic Affairs Building (JEE/GATE)","building":"university","levels":null,"wheelchair":null,"inAcademicArea":true,"entrances":0},"geometry":{"type":"Polygon","coordinates":[[[80.2315351,26.5147212],[80.2314997,26.5144932],[80.2310857,26.5144901],[80.2310733,26.5147102],[80.2311901,26.5148622],[80.2315351,26.5147212]]]}},{"type":"Feature","id":268050288,"properties":{"osmId":"way/268050288","name":"Central Workshop","building":"university","levels":null,"wheelchair":null,"inAcademicArea":true,"entrances":0},"geometry":{"type":"Polygon","coordinates":[[[80.2309885,26.514334],[80.2312553,26.5143378],[80.2312537,26.5144317],[80.2315169,26.5144354],[80.2315316,26.5135985],[80.2310017,26.513591],[80.2309885,26.514334]]]}},{"type":"Feature","id":315780946,"properties":{"osmId":"way/315780946","name":"ACES","building":"university","levels":null,"wheelchair":null,"inAcademicArea":true,"entrances":0},"geometry":{"type":"Polygon","coordinates":[[[80.2319492,26.5127352],[80.2322785,26.5127394],[80.2322747,26.512982],[80.2322091,26.5129812],[80.2322017,26.513458],[80.2319378,26.5134546],[80.2319492,26.5127352]]]}},{"type":"Feature","id":315780949,"properties":{"osmId":"way/315780949","name":"Civil Engineering Lab","building":"university","levels":null,"wheelchair":null,"inAcademicArea":true,"entrances":0},"geometry":{"type":"Polygon","coordinates":[[[80.2310335,26.5134482],[80.2310342,26.5127461],[80.2313597,26.5127464],[80.2313598,26.5126917],[80.2315966,26.5126919],[80.2315962,26.5129498],[80.2315123,26.5129497],[80.2315117,26.5134486],[80.2310335,26.5134482]]]}},{"type":"Feature","id":315780952,"properties":{"osmId":"way/315780952","name":"SIDBI","building":"university","levels":null,"wheelchair":null,"inAcademicArea":true,"entrances":0},"geometry":{"type":"Polygon","coordinates":[[[80.231098,26.5154358],[80.2309749,26.5154343],[80.2309776,26.5151696],[80.231107,26.5151727],[80.2312017,26.5151732],[80.2312402,26.5152645],[80.231098,26.5154358]]]}},{"type":"Feature","id":315780953,"properties":{"osmId":"way/315780953","name":"Western Lab Extension","building":"university","levels":null,"wheelchair":null,"inAcademicArea":true,"entrances":0},"geometry":{"type":"Polygon","coordinates":[[[80.2316177,26.5133179],[80.2318186,26.513321],[80.23183,26.5127351],[80.2316292,26.512732],[80.2316177,26.5133179]]]}},{"type":"Feature","id":315780954,"properties":{"osmId":"way/315780954","name":"Wind Tunnel Facility","building":"university","levels":null,"wheelchair":null,"inAcademicArea":true,"entrances":0},"geometry":{"type":"Polygon","coordinates":[[[80.2316192,26.5157842],[80.2318178,26.5157825],[80.2318164,26.515655],[80.2318693,26.5156545],[80.231871,26.5158139],[80.2321867,26.5158111],[80.2321839,26.5155482],[80.2320408,26.5155495],[80.232039,26.5153853],[80.2318824,26.5153866],[80.2318808,26.5152423],[80.2316133,26.5152446],[80.231614,26.5153117],[80.2316192,26.5157842]]]}},{"type":"Feature","id":315782323,"properties":{"osmId":"way/315782323","name":"Industrial & Management Engineering","building":"university","levels":null,"wheelchair":null,"inAcademicArea":true,"entrances":0},"geometry":{"type":"Polygon","coordinates":[[[80.2330839,26.5147941],[80.233097,26.5146071],[80.233239,26.5146305],[80.2332439,26.5142652],[80.233448,26.5142638],[80.2334448,26.5146085],[80.2337305,26.5146655],[80.2336897,26.5148189],[80.2334105,26.5148087],[80.2334056,26.5148554],[80.2332505,26.514854],[80.2332554,26.5148029],[80.2330839,26.5147941]]]}},{"type":"Feature","id":315782325,"properties":{"osmId":"way/315782325","name":"Nuclear Physics Lab","building":"university","levels":null,"wheelchair":null,"inAcademicArea":true,"entrances":0},"geometry":{"type":"Polygon","coordinates":[[[80.2336046,26.5144598],[80.2336059,26.5142786],[80.2343292,26.5142828],[80.2343278,26.5144709],[80.2341998,26.5144702],[80.2341994,26.5145256],[80.2341392,26.5145252],[80.2341391,26.5145461],[80.2340573,26.5145456],[80.2340579,26.5144624],[80.2336046,26.5144598]]]}},{"type":"Feature","id":488149101,"properties":{"osmId":"way/488149101","name":"Rajeev Motwani Building","building":"university","levels":"7","wheelchair":null,"inAcademicArea":true,"entrances":0},"geometry":{"type":"Polygon","coordinates":[[[80.2351692,26.51445],[80.2351721,26.5142153],[80.2345651,26.5142057],[80.2345605,26.5144402],[80.2351692,26.51445]]]}},{"type":"Feature","id":488149102,"properties":{"osmId":"way/488149102","name":"H.R. Kadim Diwan Building","building":"university","levels":"4","wheelchair":"yes","inAcademicArea":true,"entrances":0},"geometry":{"type":"Polygon","coordinates":[[[80.2347922,26.5139352],[80.2349365,26.5138663],[80.2349417,26.5138766],[80.2349541,26.5138699],[80.2350126,26.5138389],[80.2351252,26.5140335],[80.2350476,26.5140639],[80.2350124,26.5140875],[80.2349423,26.5141254],[80.2349163,26.5141341],[80.2349326,26.5141552],[80.2349358,26.514164],[80.2348992,26.5141858],[80.2348862,26.5141902],[80.2348666,26.5141494],[80.234843,26.5141166],[80.2348308,26.5140969],[80.2348414,26.5140795],[80.2348739,26.514078],[80.2348642,26.5140489],[80.2348389,26.5140219],[80.2348284,26.5140051],[80.2348113,26.5139935],[80.2347803,26.5140066],[80.2348023,26.5140255],[80.2348048,26.5140489],[80.2347779,26.5140649],[80.2347526,26.5140532],[80.2347526,26.5141144],[80.2347616,26.5141312],[80.234786,26.5141421],[80.2347885,26.5141713],[80.2347844,26.5141858],[80.2347038,26.5141836],[80.2345996,26.5141836],[80.2346004,26.5141654],[80.234602,26.5141421],[80.2345874,26.514137],[80.2345849,26.5141203],[80.2345351,26.5141241],[80.2345328,26.5140982],[80.2345346,26.5140147],[80.2345507,26.5140117],[80.2345475,26.513979],[80.2345592,26.5139655],[80.2345954,26.5139608],[80.2345993,26.5139456],[80.2346388,26.5139448],[80.2347237,26.51395],[80.234727,26.5139413],[80.2347589,26.5139552],[80.2347614,26.5139219],[80.234782,26.5139076],[80.2347922,26.5139352]]]}},{"type":"Feature","id":501658530,"properties":{"osmId":"way/501658530","name":"Computer Center Canteen","building":"yes","levels":null,"wheelchair":null,"inAcademicArea":true,"entrances":0},"geometry":{"type":"Polygon","coordinates":[[[80.2342947,26.5141528],[80.2342784,26.5141537],[80.2342625,26.5141498],[80.2342489,26.5141417],[80.2342387,26.5141297],[80.2342335,26.5141154],[80.2342338,26.5141003],[80.2342396,26.5140862],[80.2342502,26.5140746],[80.2342646,26.5140667],[80.234281,26.5140635],[80.2342978,26.5140653],[80.2343129,26.5140719],[80.2343248,26.5140825],[80.234332,26.5140961],[80.234334,26.5141107],[80.2343306,26.514125],[80.2343223,26.5141377],[80.2343099,26.5141472],[80.2342947,26.5141528]]]}},{"type":"Feature","id":1104867049,"properties":{"osmId":"way/1104867049","name":"Engineering Science Building 2","building":"university","levels":null,"wheelchair":null,"inAcademicArea":true,"entrances":0},"geometry":{"type":"Polygon","coordinates":[[[80.2328078,26.515579],[80.2335119,26.5155798],[80.2335124,26.5151645],[80.2328083,26.5151639],[80.2328078,26.515579]]]}},{"type":"Feature","id":1131208300,"properties":{"osmId":"way/1131208300","name":"Central AC Plant","building":"yes","levels":null,"wheelchair":null,"inAcademicArea":true,"entrances":0},"geometry":{"type":"Polygon","coordinates":[[[80.2302927,26.5153921],[80.2305234,26.5153921],[80.2305287,26.5150081],[80.23029,26.5150057],[80.2302927,26.5153921]]]}},{"type":"Feature","id":1131208301,"properties":{"osmId":"way/1131208301","name":"Interdisciplinary Centre for Cyber Security and Cyber Defence of Critical Infrastructures","building":"university","levels":null,"wheelchair":null,"inAcademicArea":true,"entrances":0},"geometry":{"type":"Polygon","coordinates":[[[80.2303478,26.514743],[80.2305426,26.5147378],[80.23055,26.5144804],[80.2303501,26.5144842],[80.2303478,26.514743]]]}},{"type":"Feature","id":1131208302,"properties":{"osmId":"way/1131208302","name":"Central Store","building":"university","levels":null,"wheelchair":null,"inAcademicArea":true,"entrances":0},"geometry":{"type":"Polygon","coordinates":[[[80.2299733,26.5138342],[80.230557,26.5138322],[80.2305544,26.5132139],[80.2302219,26.5132151],[80.2302238,26.5136254],[80.2299724,26.5136263],[80.2299733,26.5138342]]]}},{"type":"Feature","id":1135339093,"properties":{"osmId":"way/1135339093","name":"Workshop","building":"university","levels":null,"wheelchair":null,"inAcademicArea":true,"entrances":0},"geometry":{"type":"Polygon","coordinates":[[[80.2317625,26.5143253],[80.2316667,26.5143228],[80.2316737,26.5141045],[80.2315944,26.5141025],[80.2316026,26.5138479],[80.2316709,26.5138497],[80.2316753,26.5137127],[80.231782,26.5137155],[80.2317625,26.5143253]]]}},{"type":"Feature","id":1135339284,"properties":{"osmId":"way/1135339284","name":"Electric Substation No 12","building":"yes","levels":null,"wheelchair":null,"inAcademicArea":true,"entrances":0},"geometry":{"type":"Polygon","coordinates":[[[80.2302978,26.5149742],[80.2303779,26.5149738],[80.2303777,26.514942],[80.2305064,26.5149412],[80.2305055,26.514817],[80.2302966,26.5148182],[80.2302978,26.5149742]]]}},{"type":"Feature","id":1135346535,"properties":{"osmId":"way/1135346535","name":"Atmospheric Monitoring Station","building":"university","levels":null,"wheelchair":null,"inAcademicArea":true,"entrances":0},"geometry":{"type":"Polygon","coordinates":[[[80.2347772,26.5152923],[80.234931,26.5152695],[80.2348563,26.5151493],[80.2348004,26.5151485],[80.2347459,26.5152508],[80.2347772,26.5152923]]]}},{"type":"Feature","id":1135346536,"properties":{"osmId":"way/1135346536","name":"Centre for Environmental Science & Engineering","building":"university","levels":null,"wheelchair":null,"inAcademicArea":true,"entrances":0},"geometry":{"type":"Polygon","coordinates":[[[80.2337695,26.5157513],[80.2338769,26.5158769],[80.2340732,26.5159512],[80.2341199,26.5158522],[80.2342731,26.5159102],[80.2344878,26.5159623],[80.2346335,26.51596],[80.2347024,26.5159054],[80.2346176,26.5156872],[80.2342386,26.5155829],[80.2341644,26.5154643],[80.2340452,26.5154263],[80.2337801,26.5155568],[80.2337695,26.5157513]]]}},{"type":"Feature","id":1136942412,"properties":{"osmId":"way/1136942412","name":"Helicopter Labs","building":"university","levels":null,"wheelchair":null,"inAcademicArea":true,"entrances":0},"geometry":{"type":"Polygon","coordinates":[[[80.2331458,26.5159945],[80.2333777,26.5159965],[80.233376,26.5161472],[80.2334293,26.5161476],[80.233427,26.5163618],[80.2331418,26.5163594],[80.2331458,26.5159945]]]}},{"type":"Feature","id":1137755506,"properties":{"osmId":"way/1137755506","name":"Rural Technology Action Group","building":"university","levels":null,"wheelchair":null,"inAcademicArea":true,"entrances":0},"geometry":{"type":"Polygon","coordinates":[[[80.2299537,26.5144172],[80.2305001,26.5144127],[80.2304989,26.5142894],[80.2306021,26.5142886],[80.2306006,26.5141447],[80.229951,26.5141501],[80.2299537,26.5144172]]]}},{"type":"Feature","id":1142120968,"properties":{"osmId":"way/1142120968","name":null,"building":"university","levels":null,"wheelchair":null,"inAcademicArea":true,"entrances":0},"geometry":{"type":"Polygon","coordinates":[[[80.2299071,26.51408],[80.2299759,26.5140803],[80.2299785,26.5140256],[80.2300168,26.5140265],[80.2300134,26.5140547],[80.2302241,26.5140478],[80.2302254,26.5140865],[80.2304499,26.5140889],[80.2304507,26.5139068],[80.2299134,26.5139047],[80.2299071,26.51408]]]}},{"type":"Feature","id":1157122757,"properties":{"osmId":"way/1157122757","name":null,"building":"university","levels":null,"wheelchair":null,"inAcademicArea":true,"entrances":0},"geometry":{"type":"Polygon","coordinates":[[[80.2336867,26.5168593],[80.2339349,26.516858],[80.2339344,26.5167895],[80.2341586,26.5167883],[80.2341577,26.5166491],[80.2336854,26.5166516],[80.2336867,26.5168593]]]}},{"type":"Feature","id":1158746040,"properties":{"osmId":"way/1158746040","name":null,"building":"university","levels":null,"wheelchair":null,"inAcademicArea":true,"entrances":0},"geometry":{"type":"Polygon","coordinates":[[[80.2297952,26.5168851],[80.2299843,26.5168873],[80.2299872,26.5166941],[80.2297981,26.5166919],[80.2297952,26.5168851]]]}},{"type":"Feature","id":1158746041,"properties":{"osmId":"way/1158746041","name":"NCC IIT Kanpur","building":"university","levels":null,"wheelchair":null,"inAcademicArea":false,"entrances":0},"geometry":{"type":"Polygon","coordinates":[[[80.2302846,26.517496],[80.2305957,26.5174944],[80.2305936,26.5171692],[80.2302824,26.5171709],[80.2302846,26.517496]]]}},{"type":"Feature","id":1158746631,"properties":{"osmId":"way/1158746631","name":null,"building":"construction","levels":null,"wheelchair":null,"inAcademicArea":false,"entrances":0},"geometry":{"type":"Polygon","coordinates":[[[80.2308132,26.5175228],[80.230823,26.5170475],[80.2318757,26.517065],[80.2318659,26.5175402],[80.2308132,26.5175228]]]}},{"type":"Feature","id":1161063538,"properties":{"osmId":"way/1161063538","name":"Hypersonic Experimental Aerodynamics Lab","building":"university","levels":null,"wheelchair":null,"inAcademicArea":true,"entrances":0},"geometry":{"type":"Polygon","coordinates":[[[80.2319162,26.5152994],[80.2319174,26.5152184],[80.23225,26.5152223],[80.2322488,26.5153033],[80.2319162,26.5152994]]]}},{"type":"Feature","id":1161063539,"properties":{"osmId":"way/1161063539","name":null,"building":"university","levels":null,"wheelchair":null,"inAcademicArea":false,"entrances":0},"geometry":{"type":"Polygon","coordinates":[[[80.2297335,26.5185097],[80.2301149,26.5185085],[80.2301146,26.5184168],[80.230229,26.5184164],[80.2302285,26.5182995],[80.2302918,26.5182993],[80.2302914,26.5181962],[80.2298144,26.5181979],[80.2298148,26.5182984],[80.2299904,26.5182978],[80.2299909,26.5184071],[80.2297331,26.5184079],[80.2297335,26.5185097]]]}},{"type":"Feature","id":1161593960,"properties":{"osmId":"way/1161593960","name":"Engineering Sciences Building 3","building":"construction","levels":"8","wheelchair":null,"inAcademicArea":true,"entrances":0},"geometry":{"type":"Polygon","coordinates":[[[80.2298843,26.5163083],[80.2298375,26.5163113],[80.2298363,26.5162068],[80.2305517,26.516205],[80.230547,26.5163797],[80.2298797,26.516383],[80.2298843,26.5163083]]]}},{"type":"Feature","id":1394026546,"properties":{"osmId":"way/1394026546","name":"Aeronautical Engineering Lab","building":"university","levels":"1","wheelchair":null,"inAcademicArea":true,"entrances":0},"geometry":{"type":"Polygon","coordinates":[[[80.2323665,26.5155736],[80.2323626,26.5153778],[80.2327348,26.5153743],[80.2327389,26.5155769],[80.2325733,26.5155761],[80.2325725,26.5156606],[80.2324975,26.5156622],[80.2324976,26.5156438],[80.2324324,26.5156452],[80.2324304,26.5155748],[80.2323665,26.5155736]]]}},{"type":"Feature","id":1394027089,"properties":{"osmId":"way/1394027089","name":"High Speed Aerodynamics Lab (HSAL)","building":"university","levels":"1","wheelchair":null,"inAcademicArea":true,"entrances":0},"geometry":{"type":"Polygon","coordinates":[[[80.2327603,26.5161039],[80.2327557,26.5157566],[80.2324725,26.5157549],[80.2324767,26.5160295],[80.2323962,26.5160285],[80.2324009,26.5161045],[80.2327603,26.5161039]]]}},{"type":"Feature","id":1394029120,"properties":{"osmId":"way/1394029120","name":"Propulsion Labs","building":"university","levels":null,"wheelchair":null,"inAcademicArea":true,"entrances":0},"geometry":{"type":"Polygon","coordinates":[[[80.2328177,26.5159598],[80.2333752,26.5159582],[80.233377,26.515758],[80.2328159,26.5157613],[80.2328177,26.5159598]]]}},{"type":"Feature","id":1465113052,"properties":{"osmId":"way/1465113052","name":"House 1","building":"yes","levels":null,"wheelchair":null,"inAcademicArea":true,"entrances":0},"geometry":{"type":"Polygon","coordinates":[[[80.2314779,26.5151619],[80.2316152,26.515159],[80.2316133,26.5152446],[80.231614,26.5153117],[80.2314789,26.5153097],[80.2314779,26.5151619]]]}},{"type":"Feature","id":1465113053,"properties":{"osmId":"way/1465113053","name":"House 2","building":"yes","levels":null,"wheelchair":null,"inAcademicArea":true,"entrances":0},"geometry":{"type":"Polygon","coordinates":[[[80.2315047,26.515644],[80.2315068,26.5155],[80.2316055,26.5155],[80.2315991,26.5156469],[80.2315047,26.515644]]]}},{"type":"Feature","id":1465113054,"properties":{"osmId":"way/1465113054","name":"Building 2","building":"yes","levels":null,"wheelchair":null,"inAcademicArea":true,"entrances":0},"geometry":{"type":"Polygon","coordinates":[[[80.23027,26.5160695],[80.2302635,26.5159094],[80.2304444,26.5159011],[80.2304435,26.5159671],[80.2305677,26.5159668],[80.2305581,26.5160577],[80.2304394,26.5160669],[80.23027,26.5160695]]]}},{"type":"Feature","id":1494405403,"properties":{"osmId":"way/1494405403","name":null,"building":"yes","levels":null,"wheelchair":null,"inAcademicArea":false,"entrances":0},"geometry":{"type":"Polygon","coordinates":[[[80.2331324,26.5183933],[80.233112,26.5182675],[80.2321295,26.5183185],[80.2321334,26.5184363],[80.2331324,26.5183933]]]}},{"type":"Feature","id":1494405404,"properties":{"osmId":"way/1494405404","name":null,"building":"yes","levels":null,"wheelchair":null,"inAcademicArea":true,"entrances":0},"geometry":{"type":"Polygon","coordinates":[[[80.2304362,26.516891],[80.230435,26.5167961],[80.2305435,26.5168018],[80.2305371,26.5168921],[80.2304362,26.516891]]]}},{"type":"Feature","id":1494405405,"properties":{"osmId":"way/1494405405","name":null,"building":"yes","levels":null,"wheelchair":null,"inAcademicArea":true,"entrances":0},"geometry":{"type":"Polygon","coordinates":[[[80.2302095,26.5161294],[80.2302062,26.5160152],[80.23015,26.51602],[80.2301521,26.5158497],[80.2299552,26.5158439],[80.229939,26.5160171],[80.2299552,26.5161285],[80.2302095,26.5161294]]]}},{"type":"Feature","id":1494405406,"properties":{"osmId":"way/1494405406","name":null,"building":"yes","levels":null,"wheelchair":null,"inAcademicArea":true,"entrances":0},"geometry":{"type":"Polygon","coordinates":[[[80.2303111,26.5157687],[80.2305751,26.5157765],[80.2305773,26.5155413],[80.2301802,26.5155277],[80.2301791,26.5155935],[80.2303133,26.5156032],[80.2303111,26.5157687]]]}},{"type":"Feature","id":1494405407,"properties":{"osmId":"way/1494405407","name":null,"building":"yes","levels":null,"wheelchair":null,"inAcademicArea":true,"entrances":0},"geometry":{"type":"Polygon","coordinates":[[[80.2301755,26.5146507],[80.2301571,26.5145045],[80.230271,26.5144969],[80.2302809,26.5146414],[80.2301755,26.5146507]]]}},{"type":"Feature","id":1494405408,"properties":{"osmId":"way/1494405408","name":null,"building":"yes","levels":null,"wheelchair":null,"inAcademicArea":true,"entrances":0},"geometry":{"type":"Polygon","coordinates":[[[80.2298068,26.5128383],[80.2298023,26.5127398],[80.2299215,26.5127182],[80.2299185,26.5128343],[80.2298068,26.5128383]]]}},{"type":"Feature","id":203657914,"properties":{"osmId":"way/203657914","name":null,"building":"residential","levels":"2","wheelchair":null,"inAcademicArea":false,"entrances":0},"geometry":{"type":"Polygon","coordinates":[[[80.2369886,26.5171945],[80.2372545,26.5171945],[80.2372545,26.5172689],[80.2371386,26.5172689],[80.2371386,26.5172531],[80.23711,26.5172531],[80.23711,26.5172689],[80.2369886,26.5172689],[80.2369886,26.5171945]]]}},{"type":"Feature","id":203657915,"properties":{"osmId":"way/203657915","name":null,"building":"residential","levels":"2","wheelchair":null,"inAcademicArea":true,"entrances":0},"geometry":{"type":"Polygon","coordinates":[[[80.2370202,26.5153184],[80.2372915,26.5153106],[80.2372942,26.5153868],[80.2371729,26.5153903],[80.2371724,26.5153772],[80.2371438,26.5153781],[80.2371443,26.5153912],[80.237023,26.5153947],[80.2370202,26.5153184]]]}},{"type":"Feature","id":203657916,"properties":{"osmId":"way/203657916","name":null,"building":"residential","levels":"2","wheelchair":null,"inAcademicArea":true,"entrances":0},"geometry":{"type":"Polygon","coordinates":[[[80.237282,26.5165878],[80.2370161,26.5165871],[80.2370164,26.5165126],[80.2371323,26.5165129],[80.2371322,26.5165288],[80.2371608,26.5165289],[80.2371609,26.516513],[80.2372823,26.5165133],[80.237282,26.5165878]]]}},{"type":"Feature","id":203657917,"properties":{"osmId":"way/203657917","name":null,"building":"residential","levels":"2","wheelchair":null,"inAcademicArea":true,"entrances":0},"geometry":{"type":"Polygon","coordinates":[[[80.2374616,26.5149151],[80.2377534,26.5149092],[80.2377534,26.5149858],[80.2376116,26.5149895],[80.2376116,26.5149736],[80.237583,26.5149736],[80.237583,26.5149895],[80.2374616,26.5149895],[80.2374616,26.5149151]]]}},{"type":"Feature","id":203657918,"properties":{"osmId":"way/203657918","name":null,"building":"residential","levels":"2","wheelchair":null,"inAcademicArea":true,"entrances":0},"geometry":{"type":"Polygon","coordinates":[[[80.2372891,26.5146894],[80.2370177,26.5146894],[80.2370177,26.5146132],[80.2371391,26.5146132],[80.2371391,26.5146262],[80.2371677,26.5146262],[80.2371677,26.5146132],[80.2372891,26.5146132],[80.2372891,26.5146894]]]}},{"type":"Feature","id":203657920,"properties":{"osmId":"way/203657920","name":null,"building":"residential","levels":"2","wheelchair":null,"inAcademicArea":true,"entrances":0},"geometry":{"type":"Polygon","coordinates":[[[80.2372714,26.5162776],[80.237,26.5162776],[80.237,26.5162013],[80.2371214,26.5162013],[80.2371214,26.5162143],[80.2371501,26.5162143],[80.2371501,26.5162013],[80.2372714,26.5162013],[80.2372714,26.5162776]]]}},{"type":"Feature","id":203657921,"properties":{"osmId":"way/203657921","name":null,"building":"residential","levels":"2","wheelchair":null,"inAcademicArea":true,"entrances":0},"geometry":{"type":"Polygon","coordinates":[[[80.2377146,26.5162788],[80.2374432,26.5162788],[80.2374432,26.5162025],[80.2375646,26.5162025],[80.2375646,26.5162156],[80.2375932,26.5162156],[80.2375932,26.5162025],[80.2377146,26.5162025],[80.2377146,26.5162788]]]}},{"type":"Feature","id":203657922,"properties":{"osmId":"way/203657922","name":null,"building":"residential","levels":"2","wheelchair":null,"inAcademicArea":true,"entrances":0},"geometry":{"type":"Polygon","coordinates":[[[80.2377158,26.5165932],[80.2374499,26.5165895],[80.2374512,26.5165151],[80.2375671,26.5165167],[80.2375668,26.5165325],[80.2375954,26.5165329],[80.2375957,26.5165171],[80.2377171,26.5165188],[80.2377158,26.5165932]]]}},{"type":"Feature","id":203657923,"properties":{"osmId":"way/203657923","name":null,"building":"residential","levels":"2","wheelchair":null,"inAcademicArea":true,"entrances":0},"geometry":{"type":"Polygon","coordinates":[[[80.2377025,26.5169736],[80.237431,26.5169736],[80.237431,26.5168974],[80.2375525,26.5168974],[80.2375525,26.5169104],[80.2375811,26.5169104],[80.2375811,26.5168974],[80.2377025,26.5168974],[80.2377025,26.5169736]]]}},{"type":"Feature","id":203657924,"properties":{"osmId":"way/203657924","name":null,"building":"residential","levels":"2","wheelchair":null,"inAcademicArea":true,"entrances":0},"geometry":{"type":"Polygon","coordinates":[[[80.2373032,26.5156862],[80.2370373,26.5156778],[80.2370402,26.5156035],[80.2371562,26.5156071],[80.2371555,26.515623],[80.2371841,26.5156239],[80.2371848,26.515608],[80.2373061,26.5156118],[80.2373032,26.5156862]]]}},{"type":"Feature","id":203657925,"properties":{"osmId":"way/203657925","name":null,"building":"residential","levels":"2","wheelchair":null,"inAcademicArea":true,"entrances":0},"geometry":{"type":"Polygon","coordinates":[[[80.2372648,26.5169713],[80.2369934,26.5169713],[80.2369934,26.516895],[80.2371148,26.516895],[80.2371148,26.5169081],[80.2371435,26.5169081],[80.2371435,26.516895],[80.2372648,26.516895],[80.2372648,26.5169713]]]}},{"type":"Feature","id":203657926,"properties":{"osmId":"way/203657926","name":null,"building":"residential","levels":"2","wheelchair":null,"inAcademicArea":true,"entrances":0},"geometry":{"type":"Polygon","coordinates":[[[80.2370219,26.5149095],[80.2373106,26.5149127],[80.2373094,26.5149824],[80.2371719,26.514984],[80.2371719,26.5149681],[80.2371433,26.5149681],[80.2371433,26.514984],[80.2370219,26.514984],[80.2370219,26.5149095]]]}},{"type":"Feature","id":203657927,"properties":{"osmId":"way/203657927","name":null,"building":"residential","levels":"2","wheelchair":null,"inAcademicArea":true,"entrances":0},"geometry":{"type":"Polygon","coordinates":[[[80.2374672,26.5153097],[80.2377387,26.5153132],[80.2377375,26.5153895],[80.237616,26.5153879],[80.2376162,26.5153748],[80.2375876,26.5153745],[80.2375874,26.5153876],[80.237466,26.515386],[80.2374672,26.5153097]]]}},{"type":"Feature","id":203657931,"properties":{"osmId":"way/203657931","name":null,"building":"residential","levels":"2","wheelchair":null,"inAcademicArea":false,"entrances":0},"geometry":{"type":"Polygon","coordinates":[[[80.2374592,26.5171895],[80.2377251,26.5171895],[80.2377251,26.5172639],[80.2376092,26.5172639],[80.2376092,26.517248],[80.2375806,26.517248],[80.2375806,26.5172639],[80.2374592,26.5172639],[80.2374592,26.5171895]]]}},{"type":"Feature","id":203657932,"properties":{"osmId":"way/203657932","name":null,"building":"residential","levels":"2","wheelchair":null,"inAcademicArea":true,"entrances":0},"geometry":{"type":"Polygon","coordinates":[[[80.2377407,26.5156957],[80.2374749,26.5156891],[80.2374772,26.5156147],[80.2375931,26.5156176],[80.2375926,26.5156335],[80.2376213,26.5156342],[80.2376218,26.5156183],[80.237743,26.5156214],[80.2377407,26.5156957]]]}},{"type":"Feature","id":203657933,"properties":{"osmId":"way/203657933","name":null,"building":"residential","levels":"2","wheelchair":null,"inAcademicArea":true,"entrances":0},"geometry":{"type":"Polygon","coordinates":[[[80.2377398,26.5146903],[80.2374683,26.5146903],[80.2374683,26.514614],[80.2375898,26.514614],[80.2375898,26.514627],[80.2376184,26.514627],[80.2376184,26.514614],[80.2377398,26.514614],[80.2377398,26.5146903]]]}},{"type":"Feature","id":432734877,"properties":{"osmId":"way/432734877","name":null,"building":"residential","levels":"2","wheelchair":null,"inAcademicArea":true,"entrances":0},"geometry":{"type":"Polygon","coordinates":[[[80.2370387,26.5134195],[80.2370403,26.5133371],[80.2373337,26.5133416],[80.2373321,26.5134241],[80.2371841,26.5134218],[80.2370387,26.5134195]]]}},{"type":"Feature","id":432734878,"properties":{"osmId":"way/432734878","name":null,"building":"residential","levels":"2","wheelchair":null,"inAcademicArea":true,"entrances":0},"geometry":{"type":"Polygon","coordinates":[[[80.2377595,26.5134288],[80.2377614,26.5133166],[80.2374497,26.5133123],[80.2374478,26.5134245],[80.2376267,26.5134269],[80.2377595,26.5134288]]]}},{"type":"Feature","id":432734879,"properties":{"osmId":"way/432734879","name":null,"building":"residential","levels":"2","wheelchair":null,"inAcademicArea":true,"entrances":0},"geometry":{"type":"Polygon","coordinates":[[[80.2374756,26.5137295],[80.2374786,26.5136381],[80.2376187,26.5136417],[80.2377661,26.5136457],[80.2377631,26.513737],[80.2374756,26.5137295]]]}},{"type":"Feature","id":432734880,"properties":{"osmId":"way/432734880","name":null,"building":"residential","levels":"2","wheelchair":null,"inAcademicArea":true,"entrances":0},"geometry":{"type":"Polygon","coordinates":[[[80.2373262,26.5137226],[80.2373271,26.5136392],[80.2371801,26.5136354],[80.2370356,26.5136365],[80.2370346,26.5137199],[80.2373262,26.5137226]]]}},{"type":"Feature","id":432734881,"properties":{"osmId":"way/432734881","name":null,"building":"residential","levels":"2","wheelchair":null,"inAcademicArea":true,"entrances":0},"geometry":{"type":"Polygon","coordinates":[[[80.2370446,26.5127232],[80.2370455,26.5126398],[80.2373532,26.5126425],[80.2373522,26.5127259],[80.2371882,26.5127256],[80.2370446,26.5127232]]]}},{"type":"Feature","id":432734882,"properties":{"osmId":"way/432734882","name":null,"building":"residential","levels":"2","wheelchair":null,"inAcademicArea":true,"entrances":0},"geometry":{"type":"Polygon","coordinates":[[[80.2374879,26.5127237],[80.2374907,26.5126409],[80.2377837,26.5126487],[80.237781,26.5127315],[80.2376348,26.5127276],[80.2374879,26.5127237]]]}},{"type":"Feature","id":432734883,"properties":{"osmId":"way/432734883","name":null,"building":"residential","levels":"2","wheelchair":null,"inAcademicArea":true,"entrances":0},"geometry":{"type":"Polygon","coordinates":[[[80.2370404,26.5130247],[80.2370417,26.5129384],[80.2371784,26.51294],[80.2373339,26.5129419],[80.2373326,26.5130283],[80.2370404,26.5130247]]]}},{"type":"Feature","id":432734884,"properties":{"osmId":"way/432734884","name":null,"building":"residential","levels":"2","wheelchair":null,"inAcademicArea":true,"entrances":0},"geometry":{"type":"Polygon","coordinates":[[[80.2374817,26.5130204],[80.2374834,26.5129358],[80.2376319,26.5129383],[80.2377814,26.5129408],[80.2377796,26.5130254],[80.2374817,26.5130204]]]}},{"type":"Feature","id":1132520516,"properties":{"osmId":"way/1132520516","name":null,"building":"yes","levels":null,"wheelchair":null,"inAcademicArea":false,"entrances":0},"geometry":{"type":"Polygon","coordinates":[[[80.2381981,26.5153837],[80.2382146,26.5152716],[80.2384215,26.5152961],[80.238405,26.5154081],[80.2381981,26.5153837]]]}},{"type":"Feature","id":1132520517,"properties":{"osmId":"way/1132520517","name":null,"building":"yes","levels":null,"wheelchair":null,"inAcademicArea":false,"entrances":0},"geometry":{"type":"Polygon","coordinates":[[[80.2385198,26.5154354],[80.2385436,26.5153243],[80.2387428,26.5153584],[80.2387191,26.5154695],[80.2385198,26.5154354]]]}},{"type":"Feature","id":1132520518,"properties":{"osmId":"way/1132520518","name":null,"building":"yes","levels":null,"wheelchair":null,"inAcademicArea":false,"entrances":0},"geometry":{"type":"Polygon","coordinates":[[[80.2381101,26.5157847],[80.2381342,26.5156712],[80.2383439,26.5157069],[80.2383198,26.5158204],[80.2381101,26.5157847]]]}},{"type":"Feature","id":1132520519,"properties":{"osmId":"way/1132520519","name":null,"building":"yes","levels":null,"wheelchair":null,"inAcademicArea":false,"entrances":0},"geometry":{"type":"Polygon","coordinates":[[[80.2384579,26.5157298],[80.238646,26.5157487],[80.2386332,26.5158506],[80.2384451,26.5158317],[80.2384579,26.5157298]]]}},{"type":"Feature","id":1132520520,"properties":{"osmId":"way/1132520520","name":null,"building":"yes","levels":null,"wheelchair":null,"inAcademicArea":false,"entrances":0},"geometry":{"type":"Polygon","coordinates":[[[80.2388806,26.5159145],[80.2388379,26.5159046],[80.2388235,26.515954],[80.2387495,26.5159369],[80.2387862,26.5158098],[80.238903,26.5158369],[80.2388806,26.5159145]]]}},{"type":"Feature","id":1132520521,"properties":{"osmId":"way/1132520521","name":null,"building":"yes","levels":null,"wheelchair":null,"inAcademicArea":false,"entrances":0},"geometry":{"type":"Polygon","coordinates":[[[80.2389644,26.5160216],[80.2389869,26.5159638],[80.2389487,26.5159519],[80.2389695,26.5158984],[80.2390173,26.5159133],[80.2390323,26.5158748],[80.2391041,26.5158971],[80.2390733,26.5159763],[80.23909,26.5159815],[80.2390625,26.5160522],[80.2389644,26.5160216]]]}},{"type":"Feature","id":1132520522,"properties":{"osmId":"way/1132520522","name":null,"building":"yes","levels":null,"wheelchair":null,"inAcademicArea":false,"entrances":0},"geometry":{"type":"Polygon","coordinates":[[[80.239397,26.5160824],[80.2393543,26.5161761],[80.2391553,26.5161035],[80.239198,26.5160098],[80.239397,26.5160824]]]}},{"type":"Feature","id":1132520523,"properties":{"osmId":"way/1132520523","name":null,"building":"yes","levels":null,"wheelchair":null,"inAcademicArea":false,"entrances":0},"geometry":{"type":"Polygon","coordinates":[[[80.2394286,26.5162245],[80.2394011,26.5162605],[80.2393381,26.5162218],[80.2394238,26.51611],[80.23965,26.5162488],[80.2395918,26.5163247],[80.2394286,26.5162245]]]}},{"type":"Feature","id":1132520524,"properties":{"osmId":"way/1132520524","name":null,"building":"yes","levels":null,"wheelchair":null,"inAcademicArea":false,"entrances":0},"geometry":{"type":"Polygon","coordinates":[[[80.2396474,26.5157458],[80.2395799,26.5158501],[80.2394373,26.5157762],[80.2394489,26.5157582],[80.2394067,26.5157364],[80.2394625,26.5156501],[80.2396474,26.5157458]]]}},{"type":"Feature","id":1132520525,"properties":{"osmId":"way/1132520525","name":null,"building":"yes","levels":null,"wheelchair":null,"inAcademicArea":false,"entrances":0},"geometry":{"type":"Polygon","coordinates":[[[80.2400872,26.5160557],[80.2400439,26.5161287],[80.2399382,26.5160785],[80.2400159,26.5159474],[80.2400924,26.5159837],[80.2400579,26.5160418],[80.2400872,26.5160557]]]}},{"type":"Feature","id":1132520526,"properties":{"osmId":"way/1132520526","name":null,"building":"yes","levels":null,"wheelchair":null,"inAcademicArea":false,"entrances":0},"geometry":{"type":"Polygon","coordinates":[[[80.2403725,26.5162822],[80.2404334,26.5161757],[80.2405822,26.5162439],[80.2405213,26.5163503],[80.2403725,26.5162822]]]}},{"type":"Feature","id":1132520527,"properties":{"osmId":"way/1132520527","name":null,"building":"yes","levels":null,"wheelchair":null,"inAcademicArea":false,"entrances":0},"geometry":{"type":"Polygon","coordinates":[[[80.2398115,26.5163917],[80.2397871,26.5164393],[80.2397339,26.5164175],[80.239806,26.5162766],[80.2399058,26.5163175],[80.2398581,26.5164108],[80.2398115,26.5163917]]]}},{"type":"Feature","id":1132520528,"properties":{"osmId":"way/1132520528","name":null,"building":"yes","levels":null,"wheelchair":null,"inAcademicArea":false,"entrances":0},"geometry":{"type":"Polygon","coordinates":[[[80.2399719,26.5163913],[80.2400528,26.5164246],[80.2399901,26.5165465],[80.2399092,26.5165131],[80.2399719,26.5163913]]]}},{"type":"Feature","id":1132520529,"properties":{"osmId":"way/1132520529","name":null,"building":"yes","levels":null,"wheelchair":null,"inAcademicArea":false,"entrances":0},"geometry":{"type":"Polygon","coordinates":[[[80.2401046,26.5166154],[80.2401544,26.5165153],[80.2403099,26.5165772],[80.24026,26.5166774],[80.2401046,26.5166154]]]}},{"type":"Feature","id":1132520530,"properties":{"osmId":"way/1132520530","name":null,"building":"yes","levels":null,"wheelchair":null,"inAcademicArea":false,"entrances":0},"geometry":{"type":"Polygon","coordinates":[[[80.2405278,26.5168556],[80.2405572,26.516801],[80.2405463,26.5167963],[80.2406071,26.5166833],[80.2407182,26.5167312],[80.240628,26.5168987],[80.2405278,26.5168556]]]}},{"type":"Feature","id":1132520531,"properties":{"osmId":"way/1132520531","name":null,"building":"yes","levels":null,"wheelchair":null,"inAcademicArea":false,"entrances":0},"geometry":{"type":"Polygon","coordinates":[[[80.2407116,26.5167979],[80.2408078,26.5168363],[80.2408198,26.5168123],[80.2409048,26.5168462],[80.2408263,26.5170034],[80.2407311,26.5169654],[80.2407611,26.5169054],[80.2406751,26.516871],[80.2407116,26.5167979]]]}},{"type":"Feature","id":1132520532,"properties":{"osmId":"way/1132520532","name":null,"building":"yes","levels":null,"wheelchair":null,"inAcademicArea":false,"entrances":0},"geometry":{"type":"Polygon","coordinates":[[[80.2408945,26.5164309],[80.2408755,26.5164606],[80.2409179,26.5164823],[80.2408559,26.5165792],[80.2407489,26.5165243],[80.24079,26.51646],[80.2407707,26.5164502],[80.2408105,26.5163879],[80.2408945,26.5164309]]]}},{"type":"Feature","id":1132520533,"properties":{"osmId":"way/1132520533","name":null,"building":"yes","levels":null,"wheelchair":null,"inAcademicArea":false,"entrances":0},"geometry":{"type":"Polygon","coordinates":[[[80.2399901,26.5169512],[80.2400748,26.5170075],[80.240044,26.5170446],[80.2400682,26.5170607],[80.2399938,26.5171505],[80.2398848,26.5170781],[80.2399901,26.5169512]]]}},{"type":"Feature","id":1132520534,"properties":{"osmId":"way/1132520534","name":null,"building":"yes","levels":null,"wheelchair":null,"inAcademicArea":false,"entrances":0},"geometry":{"type":"Polygon","coordinates":[[[80.2398644,26.5173356],[80.2397588,26.5174587],[80.2396669,26.5173956],[80.2397725,26.5172726],[80.2398644,26.5173356]]]}},{"type":"Feature","id":1132520535,"properties":{"osmId":"way/1132520535","name":null,"building":"yes","levels":null,"wheelchair":null,"inAcademicArea":false,"entrances":0},"geometry":{"type":"Polygon","coordinates":[[[80.2393691,26.5172545],[80.2394154,26.5171612],[80.2395914,26.5172311],[80.2395452,26.5173244],[80.2393691,26.5172545]]]}},{"type":"Feature","id":1132520536,"properties":{"osmId":"way/1132520536","name":null,"building":"yes","levels":null,"wheelchair":null,"inAcademicArea":false,"entrances":0},"geometry":{"type":"Polygon","coordinates":[[[80.2394046,26.5171644],[80.2393385,26.5172723],[80.2392787,26.517243],[80.2393448,26.5171351],[80.2394046,26.5171644]]]}},{"type":"Feature","id":1132520537,"properties":{"osmId":"way/1132520537","name":null,"building":"yes","levels":null,"wheelchair":null,"inAcademicArea":false,"entrances":0},"geometry":{"type":"Polygon","coordinates":[[[80.2391285,26.5170234],[80.2393144,26.5171121],[80.2392721,26.5171831],[80.2390862,26.5170945],[80.2391285,26.5170234]]]}},{"type":"Feature","id":1132520538,"properties":{"osmId":"way/1132520538","name":null,"building":"yes","levels":null,"wheelchair":null,"inAcademicArea":false,"entrances":0},"geometry":{"type":"Polygon","coordinates":[[[80.2395286,26.5168493],[80.2395788,26.516762],[80.2398396,26.5168821],[80.2397894,26.5169694],[80.2395286,26.5168493]]]}},{"type":"Feature","id":1132520539,"properties":{"osmId":"way/1132520539","name":null,"building":"yes","levels":null,"wheelchair":null,"inAcademicArea":false,"entrances":0},"geometry":{"type":"Polygon","coordinates":[[[80.2393833,26.5166491],[80.2395624,26.5167246],[80.2395133,26.5168178],[80.2393343,26.5167424],[80.2393833,26.5166491]]]}},{"type":"Feature","id":1132520540,"properties":{"osmId":"way/1132520540","name":null,"building":"yes","levels":null,"wheelchair":null,"inAcademicArea":false,"entrances":0},"geometry":{"type":"Polygon","coordinates":[[[80.2391603,26.5165115],[80.2392683,26.516548],[80.2392088,26.5166887],[80.2391009,26.5166522],[80.2391603,26.5165115]]]}},{"type":"Feature","id":1132520541,"properties":{"osmId":"way/1132520541","name":null,"building":"yes","levels":null,"wheelchair":null,"inAcademicArea":false,"entrances":0},"geometry":{"type":"Polygon","coordinates":[[[80.2390322,26.5164956],[80.2390538,26.5165039],[80.2390125,26.51659],[80.2389513,26.5165665],[80.2389713,26.516525],[80.2389157,26.5165036],[80.2389697,26.5163912],[80.2390648,26.5164277],[80.2390322,26.5164956]]]}},{"type":"Feature","id":1132520542,"properties":{"osmId":"way/1132520542","name":null,"building":"yes","levels":null,"wheelchair":null,"inAcademicArea":false,"entrances":0},"geometry":{"type":"Polygon","coordinates":[[[80.2386747,26.5168718],[80.238739,26.5167518],[80.2388425,26.5167961],[80.2388048,26.5168664],[80.2387821,26.5168566],[80.2387554,26.5169064],[80.2386747,26.5168718]]]}},{"type":"Feature","id":1132520543,"properties":{"osmId":"way/1132520543","name":null,"building":"yes","levels":null,"wheelchair":null,"inAcademicArea":false,"entrances":0},"geometry":{"type":"Polygon","coordinates":[[[80.2390159,26.5169246],[80.2390471,26.5169452],[80.2390074,26.5169934],[80.2389831,26.5169773],[80.2389472,26.5170208],[80.2388673,26.5169681],[80.2388981,26.5169308],[80.2388685,26.5169113],[80.2389416,26.5168227],[80.239044,26.5168904],[80.2390159,26.5169246]]]}},{"type":"Feature","id":1137756289,"properties":{"osmId":"way/1137756289","name":"Smart Grid Semi-Urban Field Pilot (Lanes 32 and 33)","building":"university","levels":null,"wheelchair":null,"inAcademicArea":true,"entrances":0},"geometry":{"type":"Polygon","coordinates":[[[80.2374334,26.5141196],[80.2374346,26.514015],[80.2375888,26.5140163],[80.237588,26.5140939],[80.2376741,26.5140946],[80.2376727,26.5142239],[80.2375603,26.5142229],[80.2375612,26.5141455],[80.2375083,26.514145],[80.2375085,26.5141203],[80.2374334,26.5141196]]]}},{"type":"Feature","id":1137756292,"properties":{"osmId":"way/1137756292","name":null,"building":"yes","levels":null,"wheelchair":null,"inAcademicArea":true,"entrances":0},"geometry":{"type":"Polygon","coordinates":[[[80.2361831,26.5147024],[80.2361826,26.5148154],[80.2358891,26.5148145],[80.2358895,26.5147014],[80.2361831,26.5147024]]]}},{"type":"Feature","id":1172337972,"properties":{"osmId":"way/1172337972","name":"Shri Purnananda Ajapa Yog Sansthan","building":"yes","levels":null,"wheelchair":null,"inAcademicArea":false,"entrances":0},"geometry":{"type":"Polygon","coordinates":[[[80.2409173,26.5190543],[80.2410518,26.5191268],[80.2416758,26.5181999],[80.2415414,26.5181275],[80.2409173,26.5190543]]]}},{"type":"Feature","id":802503389,"properties":{"osmId":"way/802503389","name":null,"building":"yes","levels":null,"wheelchair":null,"inAcademicArea":false,"entrances":0},"geometry":{"type":"Polygon","coordinates":[[[80.2434899,26.4965175],[80.2436473,26.4967019],[80.2437949,26.4966011],[80.2436375,26.4964167],[80.2434899,26.4965175]]]}},{"type":"Feature","id":682695161,"properties":{"osmId":"way/682695161","name":null,"building":"yes","levels":null,"wheelchair":null,"inAcademicArea":false,"entrances":0},"geometry":{"type":"Polygon","coordinates":[[[80.2485401,26.506222],[80.2485325,26.5060808],[80.2485075,26.506002],[80.2482892,26.5061014],[80.24841,26.5062771],[80.2485401,26.506222]]]}},{"type":"Feature","id":682696029,"properties":{"osmId":"way/682696029","name":null,"building":"yes","levels":null,"wheelchair":null,"inAcademicArea":false,"entrances":0},"geometry":{"type":"Polygon","coordinates":[[[80.2479279,26.504623],[80.2480968,26.5045435],[80.2479968,26.5043735],[80.2477397,26.5044947],[80.2478397,26.5046646],[80.2479279,26.504623]]]}},{"type":"Feature","id":682696042,"properties":{"osmId":"way/682696042","name":null,"building":"yes","levels":null,"wheelchair":null,"inAcademicArea":false,"entrances":0},"geometry":{"type":"Polygon","coordinates":[[[80.2481665,26.5047927],[80.2481192,26.504709],[80.2480055,26.5047605],[80.2479279,26.504623],[80.2478397,26.5046646],[80.247747,26.5047048],[80.2478719,26.5049259],[80.2481665,26.5047927]]]}},{"type":"Feature","id":682695123,"properties":{"osmId":"way/682695123","name":null,"building":"yes","levels":null,"wheelchair":null,"inAcademicArea":false,"entrances":0},"geometry":{"type":"Polygon","coordinates":[[[80.2460921,26.5095331],[80.2460207,26.5094768],[80.2459267,26.5095723],[80.2459981,26.5096285],[80.2460921,26.5095331]]]}},{"type":"Feature","id":682695126,"properties":{"osmId":"way/682695126","name":null,"building":"yes","levels":null,"wheelchair":null,"inAcademicArea":false,"entrances":0},"geometry":{"type":"Polygon","coordinates":[[[80.2461733,26.5088898],[80.246113,26.5088383],[80.2461788,26.5087764],[80.2462392,26.5088279],[80.2461733,26.5088898]]]}},{"type":"Feature","id":682695129,"properties":{"osmId":"way/682695129","name":null,"building":"yes","levels":null,"wheelchair":null,"inAcademicArea":false,"entrances":0},"geometry":{"type":"Polygon","coordinates":[[[80.2473695,26.5099669],[80.247151,26.5098093],[80.2470981,26.5098681],[80.2473166,26.5100257],[80.2473695,26.5099669]]]}},{"type":"Feature","id":682695132,"properties":{"osmId":"way/682695132","name":null,"building":"yes","levels":null,"wheelchair":null,"inAcademicArea":false,"entrances":0},"geometry":{"type":"Polygon","coordinates":[[[80.2464876,26.5087052],[80.2465559,26.5087539],[80.246654,26.5086481],[80.2465854,26.5085972],[80.2465634,26.5086218],[80.2464876,26.5087052]]]}},{"type":"Feature","id":682695134,"properties":{"osmId":"way/682695134","name":"IIT 78 Cafe and Restaurant","building":"yes","levels":null,"wheelchair":null,"inAcademicArea":false,"entrances":0},"geometry":{"type":"Polygon","coordinates":[[[80.2474394,26.5096839],[80.247562,26.5097778],[80.2476453,26.5096907],[80.2475227,26.5095968],[80.2474394,26.5096839]]]}},{"type":"Feature","id":682695135,"properties":{"osmId":"way/682695135","name":null,"building":"yes","levels":null,"wheelchair":null,"inAcademicArea":false,"entrances":0},"geometry":{"type":"Polygon","coordinates":[[[80.2451458,26.5078726],[80.2450849,26.5078229],[80.2452008,26.5077091],[80.2452617,26.5077589],[80.2451458,26.5078726]]]}},{"type":"Feature","id":682695136,"properties":{"osmId":"way/682695136","name":null,"building":"yes","levels":null,"wheelchair":null,"inAcademicArea":false,"entrances":0},"geometry":{"type":"Polygon","coordinates":[[[80.2480354,26.5087897],[80.248198,26.5089351],[80.2482614,26.5088783],[80.2480989,26.5087329],[80.2480354,26.5087897]]]}},{"type":"Feature","id":682695137,"properties":{"osmId":"way/682695137","name":null,"building":"yes","levels":null,"wheelchair":null,"inAcademicArea":false,"entrances":0},"geometry":{"type":"Polygon","coordinates":[[[80.2466962,26.5096878],[80.2465566,26.5095773],[80.2466851,26.5094472],[80.2467521,26.5095001],[80.2467064,26.5095463],[80.2467791,26.5096038],[80.2466962,26.5096878]]]}},{"type":"Feature","id":682695139,"properties":{"osmId":"way/682695139","name":null,"building":"yes","levels":null,"wheelchair":null,"inAcademicArea":false,"entrances":0},"geometry":{"type":"Polygon","coordinates":[[[80.2464015,26.5094465],[80.2462965,26.5093628],[80.2463408,26.5093183],[80.2464458,26.5094019],[80.2464015,26.5094465]]]}},{"type":"Feature","id":682695141,"properties":{"osmId":"way/682695141","name":null,"building":"yes","levels":null,"wheelchair":null,"inAcademicArea":false,"entrances":0},"geometry":{"type":"Polygon","coordinates":[[[80.2464876,26.5087052],[80.246417,26.5086539],[80.246512,26.5085494],[80.2465473,26.5085751],[80.2465282,26.5085961],[80.2465634,26.5086218],[80.2464876,26.5087052]]]}},{"type":"Feature","id":682695144,"properties":{"osmId":"way/682695144","name":"Highway 2.0","building":"yes","levels":null,"wheelchair":null,"inAcademicArea":false,"entrances":0},"geometry":{"type":"Polygon","coordinates":[[[80.2471244,26.5102876],[80.2469276,26.5101348],[80.2468152,26.5102506],[80.247012,26.5104035],[80.2471244,26.5102876]]]}},{"type":"Feature","id":682695146,"properties":{"osmId":"way/682695146","name":null,"building":"yes","levels":null,"wheelchair":null,"inAcademicArea":false,"entrances":0},"geometry":{"type":"Polygon","coordinates":[[[80.2468363,26.5089194],[80.2469488,26.5089987],[80.2469908,26.508951],[80.2468783,26.5088717],[80.2468363,26.5089194]]]}},{"type":"Feature","id":682695147,"properties":{"osmId":"way/682695147","name":null,"building":"yes","levels":null,"wheelchair":null,"inAcademicArea":false,"entrances":0},"geometry":{"type":"Polygon","coordinates":[[[80.2457415,26.5086135],[80.2458402,26.5085051],[80.2457371,26.50843],[80.2456384,26.5085384],[80.2457415,26.5086135]]]}},{"type":"Feature","id":682695148,"properties":{"osmId":"way/682695148","name":null,"building":"yes","levels":null,"wheelchair":null,"inAcademicArea":false,"entrances":0},"geometry":{"type":"Polygon","coordinates":[[[80.2482984,26.5088297],[80.2481198,26.5086814],[80.2481671,26.5086358],[80.2483457,26.508784],[80.2482984,26.5088297]]]}},{"type":"Feature","id":682695150,"properties":{"osmId":"way/682695150","name":null,"building":"yes","levels":null,"wheelchair":null,"inAcademicArea":false,"entrances":0},"geometry":{"type":"Polygon","coordinates":[[[80.2464965,26.5098069],[80.2464213,26.5097496],[80.246342,26.5098329],[80.2464172,26.5098902],[80.2464965,26.5098069]]]}},{"type":"Feature","id":682695153,"properties":{"osmId":"way/682695153","name":null,"building":"yes","levels":null,"wheelchair":null,"inAcademicArea":false,"entrances":0},"geometry":{"type":"Polygon","coordinates":[[[80.2468521,26.5098078],[80.2466962,26.5096878],[80.2467791,26.5096038],[80.2469318,26.5097265],[80.2468521,26.5098078]]]}},{"type":"Feature","id":682695154,"properties":{"osmId":"way/682695154","name":null,"building":"yes","levels":null,"wheelchair":null,"inAcademicArea":false,"entrances":0},"geometry":{"type":"Polygon","coordinates":[[[80.2451075,26.5081207],[80.2450421,26.5080693],[80.2450924,26.508018],[80.2451578,26.5080695],[80.2451075,26.5081207]]]}},{"type":"Feature","id":682695159,"properties":{"osmId":"way/682695159","name":null,"building":"yes","levels":null,"wheelchair":null,"inAcademicArea":false,"entrances":0},"geometry":{"type":"Polygon","coordinates":[[[80.2464057,26.508944],[80.2463516,26.5089011],[80.2463035,26.5089497],[80.2463575,26.5089926],[80.2464057,26.508944]]]}},{"type":"Feature","id":682695160,"properties":{"osmId":"way/682695160","name":null,"building":"yes","levels":null,"wheelchair":null,"inAcademicArea":false,"entrances":0},"geometry":{"type":"Polygon","coordinates":[[[80.2483849,26.5076062],[80.2482695,26.5074321],[80.2479736,26.5075891],[80.2480282,26.5076715],[80.247949,26.5077136],[80.2480098,26.5078053],[80.2483849,26.5076062]]]}},{"type":"Feature","id":682695163,"properties":{"osmId":"way/682695163","name":null,"building":"yes","levels":null,"wheelchair":null,"inAcademicArea":false,"entrances":0},"geometry":{"type":"Polygon","coordinates":[[[80.2452723,26.5081998],[80.2452438,26.5082297],[80.2451566,26.5081597],[80.2452502,26.508061],[80.2453419,26.5081267],[80.2452723,26.5081998]]]}},{"type":"Feature","id":682695165,"properties":{"osmId":"way/682695165","name":null,"building":"yes","levels":null,"wheelchair":null,"inAcademicArea":false,"entrances":0},"geometry":{"type":"Polygon","coordinates":[[[80.2459527,26.5094029],[80.2458494,26.5093149],[80.2459066,26.5092612],[80.2460098,26.5093493],[80.2459527,26.5094029]]]}},{"type":"Feature","id":682695170,"properties":{"osmId":"way/682695170","name":null,"building":"yes","levels":null,"wheelchair":null,"inAcademicArea":false,"entrances":0},"geometry":{"type":"Polygon","coordinates":[[[80.2477769,26.5090896],[80.2479486,26.5092258],[80.2479868,26.5091873],[80.2478151,26.509051],[80.2477769,26.5090896]]]}},{"type":"Feature","id":682695175,"properties":{"osmId":"way/682695175","name":null,"building":"yes","levels":null,"wheelchair":null,"inAcademicArea":false,"entrances":0},"geometry":{"type":"Polygon","coordinates":[[[80.2462846,26.5090545],[80.2462349,26.5090132],[80.2462813,26.5089684],[80.2463311,26.5090096],[80.2462846,26.5090545]]]}},{"type":"Feature","id":682695179,"properties":{"osmId":"way/682695179","name":null,"building":"yes","levels":null,"wheelchair":null,"inAcademicArea":false,"entrances":0},"geometry":{"type":"Polygon","coordinates":[[[80.2459576,26.5088913],[80.2458564,26.5088071],[80.2459002,26.508765],[80.2460014,26.5088492],[80.2459576,26.5088913]]]}},{"type":"Feature","id":682695180,"properties":{"osmId":"way/682695180","name":null,"building":"yes","levels":null,"wheelchair":null,"inAcademicArea":false,"entrances":0},"geometry":{"type":"Polygon","coordinates":[[[80.2471225,26.5094325],[80.247074,26.5093973],[80.2471558,26.5093071],[80.2472043,26.5093423],[80.2471225,26.5094325]]]}},{"type":"Feature","id":682695182,"properties":{"osmId":"way/682695182","name":null,"building":"yes","levels":null,"wheelchair":null,"inAcademicArea":false,"entrances":0},"geometry":{"type":"Polygon","coordinates":[[[80.2452723,26.5081998],[80.2453052,26.5082232],[80.2453723,26.5081484],[80.2453419,26.5081267],[80.2452723,26.5081998]]]}},{"type":"Feature","id":682695184,"properties":{"osmId":"way/682695184","name":null,"building":"yes","levels":null,"wheelchair":null,"inAcademicArea":false,"entrances":0},"geometry":{"type":"Polygon","coordinates":[[[80.246471,26.5095742],[80.2464169,26.5095354],[80.2463426,26.5096183],[80.2463967,26.5096571],[80.246471,26.5095742]]]}},{"type":"Feature","id":682695188,"properties":{"osmId":"way/682695188","name":null,"building":"yes","levels":null,"wheelchair":null,"inAcademicArea":false,"entrances":0},"geometry":{"type":"Polygon","coordinates":[[[80.2450053,26.5080254],[80.2449012,26.5079412],[80.244944,26.5078988],[80.2450481,26.5079829],[80.2450053,26.5080254]]]}},{"type":"Feature","id":682695191,"properties":{"osmId":"way/682695191","name":null,"building":"yes","levels":null,"wheelchair":null,"inAcademicArea":false,"entrances":0},"geometry":{"type":"Polygon","coordinates":[[[80.2467864,26.5092595],[80.2466196,26.5091254],[80.246512,26.5092326],[80.246624,26.5093226],[80.2466714,26.5092753],[80.2467263,26.5093194],[80.2467864,26.5092595]]]}},{"type":"Feature","id":682695192,"properties":{"osmId":"way/682695192","name":null,"building":"yes","levels":null,"wheelchair":null,"inAcademicArea":false,"entrances":0},"geometry":{"type":"Polygon","coordinates":[[[80.245579,26.5079899],[80.2454708,26.5078967],[80.2455743,26.5078004],[80.2456289,26.5078474],[80.2456454,26.507832],[80.2456991,26.5078783],[80.245579,26.5079899]]]}},{"type":"Feature","id":682695197,"properties":{"osmId":"way/682695197","name":null,"building":"yes","levels":null,"wheelchair":null,"inAcademicArea":false,"entrances":0},"geometry":{"type":"Polygon","coordinates":[[[80.2469403,26.5087485],[80.2468716,26.5087068],[80.246903,26.5086653],[80.2469717,26.5087069],[80.2469403,26.5087485]]]}},{"type":"Feature","id":682695201,"properties":{"osmId":"way/682695201","name":null,"building":"yes","levels":null,"wheelchair":null,"inAcademicArea":false,"entrances":0},"geometry":{"type":"Polygon","coordinates":[[[80.2482584,26.5085139],[80.2484488,26.508659],[80.2485025,26.5086026],[80.2483121,26.5084574],[80.2482584,26.5085139]]]}},{"type":"Feature","id":682695204,"properties":{"osmId":"way/682695204","name":null,"building":"yes","levels":null,"wheelchair":null,"inAcademicArea":false,"entrances":0},"geometry":{"type":"Polygon","coordinates":[[[80.2459625,26.5089083],[80.2460104,26.5088586],[80.246116,26.5089401],[80.2460681,26.5089898],[80.2459625,26.5089083]]]}},{"type":"Feature","id":682695205,"properties":{"osmId":"way/682695205","name":null,"building":"yes","levels":null,"wheelchair":null,"inAcademicArea":false,"entrances":0},"geometry":{"type":"Polygon","coordinates":[[[80.2478391,26.5094265],[80.2476109,26.5092593],[80.2476583,26.5092075],[80.2478865,26.5093747],[80.2478391,26.5094265]]]}},{"type":"Feature","id":682695207,"properties":{"osmId":"way/682695207","name":null,"building":"yes","levels":null,"wheelchair":null,"inAcademicArea":false,"entrances":0},"geometry":{"type":"Polygon","coordinates":[[[80.2459136,26.5089566],[80.2459625,26.5089083],[80.2460681,26.5089898],[80.2460255,26.509036],[80.2459136,26.5089566]]]}},{"type":"Feature","id":682695209,"properties":{"osmId":"way/682695209","name":null,"building":"yes","levels":null,"wheelchair":null,"inAcademicArea":false,"entrances":0},"geometry":{"type":"Polygon","coordinates":[[[80.2462981,26.5092495],[80.2461997,26.50917],[80.2462946,26.5090759],[80.246393,26.5091554],[80.2462981,26.5092495]]]}},{"type":"Feature","id":682695210,"properties":{"osmId":"way/682695210","name":null,"building":"yes","levels":null,"wheelchair":null,"inAcademicArea":false,"entrances":0},"geometry":{"type":"Polygon","coordinates":[[[80.2453484,26.5083228],[80.2454249,26.5083807],[80.2455308,26.5082686],[80.2454543,26.5082107],[80.2453484,26.5083228]]]}},{"type":"Feature","id":682695211,"properties":{"osmId":"way/682695211","name":null,"building":"yes","levels":null,"wheelchair":null,"inAcademicArea":false,"entrances":0},"geometry":{"type":"Polygon","coordinates":[[[80.2455802,26.508509],[80.2456769,26.5084022],[80.2456155,26.5083577],[80.2455188,26.5084645],[80.2455802,26.508509]]]}},{"type":"Feature","id":682695212,"properties":{"osmId":"way/682695212","name":null,"building":"yes","levels":null,"wheelchair":null,"inAcademicArea":false,"entrances":0},"geometry":{"type":"Polygon","coordinates":[[[80.2458676,26.5090082],[80.2459796,26.5090881],[80.2460255,26.509036],[80.2459136,26.5089566],[80.2458676,26.5090082]]]}},{"type":"Feature","id":682695215,"properties":{"osmId":"way/682695215","name":null,"building":"yes","levels":null,"wheelchair":null,"inAcademicArea":false,"entrances":0},"geometry":{"type":"Polygon","coordinates":[[[80.2454163,26.5084827],[80.2455295,26.5085656],[80.2455802,26.508509],[80.2455188,26.5084645],[80.2454671,26.5084272],[80.2454163,26.5084827]]]}},{"type":"Feature","id":682695217,"properties":{"osmId":"way/682695217","name":null,"building":"yes","levels":null,"wheelchair":null,"inAcademicArea":false,"entrances":0},"geometry":{"type":"Polygon","coordinates":[[[80.2456189,26.5087582],[80.2457347,26.5088391],[80.2457832,26.5087835],[80.2456673,26.5087026],[80.2456189,26.5087582]]]}},{"type":"Feature","id":682695220,"properties":{"osmId":"way/682695220","name":null,"building":"yes","levels":null,"wheelchair":null,"inAcademicArea":false,"entrances":0},"geometry":{"type":"Polygon","coordinates":[[[80.2465914,26.509469],[80.2464821,26.5093809],[80.2464399,26.5094229],[80.2465491,26.509511],[80.2465914,26.509469]]]}},{"type":"Feature","id":682695223,"properties":{"osmId":"way/682695223","name":null,"building":"yes","levels":null,"wheelchair":null,"inAcademicArea":false,"entrances":0},"geometry":{"type":"Polygon","coordinates":[[[80.2485914,26.5071918],[80.2486604,26.5069233],[80.2484474,26.5068795],[80.2483784,26.507148],[80.2485914,26.5071918]]]}},{"type":"Feature","id":682695224,"properties":{"osmId":"way/682695224","name":null,"building":"yes","levels":null,"wheelchair":null,"inAcademicArea":false,"entrances":0},"geometry":{"type":"Polygon","coordinates":[[[80.2453526,26.5080388],[80.2453008,26.5079948],[80.2454165,26.5078857],[80.2454683,26.5079297],[80.2453526,26.5080388]]]}},{"type":"Feature","id":682695225,"properties":{"osmId":"way/682695225","name":null,"building":"yes","levels":null,"wheelchair":null,"inAcademicArea":false,"entrances":0},"geometry":{"type":"Polygon","coordinates":[[[80.2462712,26.5095721],[80.2461738,26.5094968],[80.2462464,26.5094215],[80.2463438,26.5094968],[80.2462712,26.5095721]]]}},{"type":"Feature","id":682695228,"properties":{"osmId":"way/682695228","name":null,"building":"yes","levels":null,"wheelchair":null,"inAcademicArea":false,"entrances":0},"geometry":{"type":"Polygon","coordinates":[[[80.2451566,26.5081597],[80.2451075,26.5081207],[80.2451578,26.5080695],[80.2452012,26.5080238],[80.2452502,26.508061],[80.2451566,26.5081597]]]}},{"type":"Feature","id":682695229,"properties":{"osmId":"way/682695229","name":null,"building":"yes","levels":null,"wheelchair":null,"inAcademicArea":false,"entrances":0},"geometry":{"type":"Polygon","coordinates":[[[80.2468851,26.5090647],[80.2467721,26.5089752],[80.246726,26.5090218],[80.246839,26.5091113],[80.2468851,26.5090647]]]}},{"type":"Feature","id":682695231,"properties":{"osmId":"way/682695231","name":null,"building":"yes","levels":null,"wheelchair":null,"inAcademicArea":false,"entrances":0},"geometry":{"type":"Polygon","coordinates":[[[80.2469564,26.5095461],[80.2470474,26.5096142],[80.2471335,26.509522],[80.2470426,26.5094539],[80.2469564,26.5095461]]]}},{"type":"Feature","id":682695235,"properties":{"osmId":"way/682695235","name":null,"building":"yes","levels":null,"wheelchair":null,"inAcademicArea":false,"entrances":0},"geometry":{"type":"Polygon","coordinates":[[[80.2465937,26.5089836],[80.246557,26.5089539],[80.2465438,26.5089669],[80.246406,26.5088552],[80.2465205,26.508742],[80.246695,26.5088835],[80.2465937,26.5089836]]]}},{"type":"Feature","id":1135345389,"properties":{"osmId":"way/1135345389","name":null,"building":"residential","levels":null,"wheelchair":null,"inAcademicArea":false,"entrances":4},"geometry":{"type":"Polygon","coordinates":[[[80.2424713,26.5111827],[80.2425697,26.5111838],[80.2425747,26.5108277],[80.2424762,26.5108266],[80.2424755,26.5108761],[80.2424744,26.5109591],[80.2424731,26.5110484],[80.2424722,26.5111122],[80.2424713,26.5111827]]]}},{"type":"Feature","id":1135345390,"properties":{"osmId":"way/1135345390","name":null,"building":"residential","levels":null,"wheelchair":null,"inAcademicArea":false,"entrances":4},"geometry":{"type":"Polygon","coordinates":[[[80.2426695,26.5115747],[80.2427653,26.5115755],[80.2427689,26.5112285],[80.2426731,26.5112277],[80.2426725,26.5112826],[80.2426718,26.5113573],[80.2426708,26.5114512],[80.2426702,26.5115122],[80.2426695,26.5115747]]]}},{"type":"Feature","id":1135345391,"properties":{"osmId":"way/1135345391","name":null,"building":"residential","levels":null,"wheelchair":null,"inAcademicArea":false,"entrances":4},"geometry":{"type":"Polygon","coordinates":[[[80.2429802,26.5115814],[80.2430724,26.5115818],[80.2430727,26.5115161],[80.2430729,26.5114586],[80.2430732,26.511398],[80.2430735,26.5113333],[80.2430738,26.5112712],[80.2429817,26.5112709],[80.2429802,26.5115814]]]}},{"type":"Feature","id":1135345392,"properties":{"osmId":"way/1135345392","name":null,"building":"residential","levels":null,"wheelchair":null,"inAcademicArea":false,"entrances":4},"geometry":{"type":"Polygon","coordinates":[[[80.2427174,26.5109026],[80.2430779,26.510904],[80.2430782,26.5108321],[80.2430291,26.5108319],[80.2429562,26.5108316],[80.2428728,26.5108313],[80.2427909,26.510831],[80.2427177,26.5108308],[80.2427174,26.5109026]]]}},{"type":"Feature","id":1135345393,"properties":{"osmId":"way/1135345393","name":null,"building":"residential","levels":null,"wheelchair":null,"inAcademicArea":false,"entrances":4},"geometry":{"type":"Polygon","coordinates":[[[80.2432098,26.5111699],[80.2432867,26.5111692],[80.2432859,26.5111013],[80.243285,26.5110243],[80.2432843,26.5109597],[80.2432836,26.5109022],[80.2432829,26.5108425],[80.2432061,26.5108432],[80.2432098,26.5111699]]]}},{"type":"Feature","id":1138189976,"properties":{"osmId":"way/1138189976","name":"IIT Kanpur","building":"train_station","levels":"4","wheelchair":null,"inAcademicArea":false,"entrances":0},"geometry":{"type":"Polygon","coordinates":[[[80.2481841,26.5095668],[80.2486574,26.5089904],[80.2484365,26.5088451],[80.2482829,26.5090322],[80.2482449,26.5090071],[80.2481207,26.5091583],[80.2481639,26.5091867],[80.2479683,26.5094249],[80.2481841,26.5095668]]]}},{"type":"Feature","id":1144794388,"properties":{"osmId":"way/1144794388","name":"Gurdwara IIT Kanpur","building":"yes","levels":null,"wheelchair":null,"inAcademicArea":false,"entrances":0},"geometry":{"type":"Polygon","coordinates":[[[80.2426414,26.507898],[80.242775,26.5078158],[80.2426785,26.5076901],[80.2425448,26.5077723],[80.2426042,26.5078496],[80.2426414,26.507898]]]}},{"type":"Feature","id":1154890624,"properties":{"osmId":"way/1154890624","name":"Electric Substation No 6","building":"yes","levels":null,"wheelchair":null,"inAcademicArea":false,"entrances":0},"geometry":{"type":"Polygon","coordinates":[[[80.2424697,26.5100718],[80.2424746,26.5098718],[80.2427181,26.5098766],[80.2427132,26.5100766],[80.2424697,26.5100718]]]}},{"type":"Feature","id":1163509996,"properties":{"osmId":"way/1163509996","name":null,"building":"residential","levels":null,"wheelchair":null,"inAcademicArea":false,"entrances":0},"geometry":{"type":"Polygon","coordinates":[[[80.2425161,26.5083918],[80.2425172,26.5083222],[80.2429757,26.5083277],[80.2429747,26.5083973],[80.2425161,26.5083918]]]}},{"type":"Feature","id":1163509997,"properties":{"osmId":"way/1163509997","name":null,"building":"residential","levels":null,"wheelchair":null,"inAcademicArea":false,"entrances":0},"geometry":{"type":"Polygon","coordinates":[[[80.2425147,26.5086514],[80.2425158,26.5085818],[80.2429744,26.5085873],[80.2429733,26.5086569],[80.2425147,26.5086514]]]}},{"type":"Feature","id":1163509998,"properties":{"osmId":"way/1163509998","name":null,"building":"residential","levels":null,"wheelchair":null,"inAcademicArea":false,"entrances":0},"geometry":{"type":"Polygon","coordinates":[[[80.2425006,26.5090424],[80.2425017,26.5089728],[80.2429603,26.5089783],[80.2429592,26.5090479],[80.2425006,26.5090424]]]}},{"type":"Feature","id":1163509999,"properties":{"osmId":"way/1163509999","name":null,"building":"residential","levels":null,"wheelchair":null,"inAcademicArea":false,"entrances":0},"geometry":{"type":"Polygon","coordinates":[[[80.242496,26.5092979],[80.242497,26.5092283],[80.2429556,26.5092338],[80.2429545,26.5093034],[80.242496,26.5092979]]]}},{"type":"Feature","id":1453679945,"properties":{"osmId":"way/1453679945","name":null,"building":"yes","levels":null,"wheelchair":null,"inAcademicArea":false,"entrances":0},"geometry":{"type":"Polygon","coordinates":[[[80.2457015,26.5108281],[80.2457842,26.5108289],[80.2457827,26.5109581],[80.2456999,26.5109573],[80.2457015,26.5108281]]]}},{"type":"Feature","id":682695219,"properties":{"osmId":"way/682695219","name":null,"building":"yes","levels":null,"wheelchair":null,"inAcademicArea":false,"entrances":0},"geometry":{"type":"Polygon","coordinates":[[[80.2487988,26.506493],[80.2486648,26.5063507],[80.2489005,26.5063113],[80.2489176,26.5064176],[80.2487988,26.506493]]]}},{"type":"Feature","id":741266861,"properties":{"osmId":"way/741266861","name":null,"building":"yes","levels":null,"wheelchair":null,"inAcademicArea":false,"entrances":0},"geometry":{"type":"Polygon","coordinates":[[[80.2264099,26.5247512],[80.2270174,26.5251676],[80.2272992,26.5248384],[80.2266916,26.5244221],[80.2264099,26.5247512]]]}},{"type":"Feature","id":30904330,"properties":{"osmId":"way/30904330","name":null,"building":"yes","levels":null,"wheelchair":null,"inAcademicArea":false,"entrances":0},"geometry":{"type":"Polygon","coordinates":[[[80.2331058,26.5193203],[80.2331088,26.519505],[80.2329629,26.5195149],[80.2329663,26.5194291],[80.2329684,26.5193323],[80.2331058,26.5193203]]]}},{"type":"Feature","id":30904331,"properties":{"osmId":"way/30904331","name":null,"building":"yes","levels":null,"wheelchair":null,"inAcademicArea":false,"entrances":0},"geometry":{"type":"Polygon","coordinates":[[[80.2328049,26.5194382],[80.2328107,26.5193433],[80.2329684,26.5193323],[80.2329663,26.5194291],[80.2328049,26.5194382]]]}}]}